2310,2,
-0.121534987705892,-0.228763366620592,1
-0.220936869076782,-0.252510881858316,1
0.125903697364263,-0.273143212226469,1
-0.164536879605087,-0.222244033248108,1
-0.180823920024235,-0.211074550664093,1
-0.031929591523586,-0.25685872198398,1
-0.026347362550778,-0.26967662928236,1
-0.075284648429886,-0.240283970894301,1
-0.140645726293483,-0.190671356632108,1
-0.057835462285466,-0.232673324545075,1
-0.025068220978241,-0.275858193728187,1
-0.106605039210691,-0.217600838542463,1
0.011945710331581,-0.276702604029174,1
-0.062428521126066,-0.257306852589558,1
-0.062930014105946,-0.221463875203178,1
-0.183718359777919,-0.256424357046391,1
-0.076153082736145,-0.246512295360505,1
0.032224475710455,-0.284064652496069,1
-0.104835316800007,-0.228786303438957,1
-0.189934941229121,-0.25055238231851,1
-0.080609319126547,-0.244019630709011,1
-0.297245313221354,-0.29542916113141,0
-0.051226041750871,-0.247857662955552,1
-0.002241228480398,-0.266816235369846,1
0.061497603123477,-0.291784856881307,1
-0.206845407453681,-0.250220357713325,1
-0.07566995655844,-0.217685426147775,1
0.099387220128843,-0.286505036138716,1
-0.023921818166101,-0.256170086367696,1
-0.030633005932198,-0.242631895052397,1
-0.090929471453361,-0.224869741006705,1
0.001852048970225,-0.288091253017991,1
-0.129625847071264,-0.207476930916499,1
-0.042127403997209,-0.23205722131546,1
-0.100033455393309,-0.229733921334917,1
-0.075741440527991,-0.230899820976071,1
-0.176224089555064,-0.226652749861287,1
-0.210534516520244,-0.247411332140055,1
-0.066395224512972,-0.232994330507362,1
-0.042733290077107,-0.238771790661821,1
-0.079774709687583,-0.200179797273691,1
-0.185693594002465,-0.221344268238833,1
-0.24443347524899,-0.252980273743142,1
-0.067047875206818,-0.22288837690151,1
-0.190476992513191,-0.22938314871825,1
-0.113539869504289,-0.212513354359123,1
0.011426891433143,-0.290430223009987,1
-0.279278261830225,-0.277522954141613,1
-0.147992682590783,-0.235861838161756,1
-0.114387677838726,-0.220228883335531,1
-0.198466600985767,-0.244741348209187,1
-0.092711087899676,-0.224891878103331,1
-0.142003349868621,-0.201376075105697,1
-0.212613210329452,-0.23088617479225,1
-0.007303173674661,-0.273722971919562,1
-0.060599964855879,-0.235752845074365,1
-0.0367356316428,-0.270925729211335,1
-0.194914419474933,-0.253609895341676,1
-0.052684803930081,-0.262606771274485,1
-0.142775831121643,-0.208216705387826,1
-0.066354792647867,-0.238112141993995,1
-0.141704473336965,-0.209726569124264,1
-0.219601311216292,-0.267123330110063,1
-0.126815248611646,-0.218342646323545,1
-0.140512699258511,-0.212268029387868,1
-0.059463828418618,-0.251024051406168,1
-0.145808335993961,-0.227317041259702,1
-0.199937705152443,-0.249122618106083,1
-0.067882498773338,-0.236151688024207,1
-0.073524391154364,-0.228505399422874,1
-0.145297686623942,-0.188914113062566,1
0.02962152203874,-0.27424741968531,1
-0.225435043041098,-0.245740852730124,1
0.040112353853913,-0.27488927358403,1
-0.237257735213674,-0.256209720323,1
-0.187743125213667,-0.210436071098667,1
0.020918604440984,-0.301152634575857,1
-0.041469213192112,-0.24507920339617,1
-0.156204386168004,-0.207486876445203,1
-0.027797755117045,-0.231843764309631,1
-0.160501202972407,-0.217348452052912,1
-0.126739904026682,-0.206719083721757,1
-0.045924568957356,-0.235092405561016,1
0.010882442330837,-0.270932016367901,1
-0.068739624561931,-0.263948046092679,1
-0.191019837602944,-0.224741715840249,1
-0.15810534660733,-0.220956436888117,1
-0.191615616957414,-0.266587646765061,1
-0.162383875673915,-0.227851758660791,1
-0.059781524294442,-0.240530448550715,1
-0.093369593618724,-0.225360979000678,1
-0.055558604465087,-0.257181216484963,1
-0.042236655625087,-0.279133205642182,1
-0.037656752256416,-0.279161750137655,1
-0.098492411061438,-0.209929373335739,1
-0.10520563825931,-0.232631349878336,1
-0.141315406923634,-0.1864570428503,1
-0.052409536901763,-0.23364983026959,1
-0.02057952044682,-0.27491659655167,1
-0.03347468277139,-0.271809179515731,1
-0.235118034415173,-0.257510947023859,1
-0.054669815874638,-0.245377693710461,1
0.011903643822094,-0.293439225821917,1
-0.143713513559864,-0.196463060862362,1
-0.209107309553201,-0.258826985101281,1
-0.159323999973048,-0.231093741594726,1
-0.032453210289613,-0.258743285230473,1
-0.177854971882503,-0.190611710832929,1
-0.073198602098683,-0.22607641584869,1
-0.057461761970764,-0.247556428421306,1
-0.070390505919525,-0.22627788101624,1
-0.189974098626211,-0.257926294646129,1
-0.128743028478364,-0.20500860260868,1
-0.123818855928569,-0.218573812584837,1
-0.197299858275514,-0.209905178392071,1
-0.129677409022535,-0.210358007612026,1
-0.033842607891058,-0.255187488109156,1
-0.262338333806017,-0.275840696159695,1
-0.208893944991733,-0.275644912574089,1
-0.169098993888595,-0.215440261687161,1
0.026021491404006,-0.302335957366605,1
-0.203799035348853,-0.211642528188294,1
0.002429175596818,-0.289630943030105,1
0.104644345496755,-0.278442476354621,1
-0.098961919557096,-0.210973154609986,1
-0.268728106808218,-0.269685302210306,1
-0.327667237676683,-0.334473945740284,0
-0.149374486900144,-0.204272115468932,1
-0.212795027260745,-0.248638420215843,1
0.025019331072861,-0.302130176755205,1
-0.017187022073821,-0.278771489941483,1
-0.017966852308472,-0.256072278762326,1
-0.005702617058893,-0.291628899623918,1
-0.114645320509954,-0.198079838556475,1
-0.066488309054983,-0.229840191093703,1
-0.058690582126203,-0.239107212609623,1
-0.128727818768365,-0.179987379912953,1
-0.123824869772186,-0.207104519605253,1
-0.053551656962337,-0.251883216223031,1
-0.085528488548807,-0.208983261917694,1
-0.110042879793165,-0.236003144624355,1
-0.070561237271109,-0.228289625090341,1
-0.06546619918997,-0.245694273512647,1
0.013462006122132,-0.260618750055644,1
-0.122220526418156,-0.223096724161138,1
-0.233076644383435,-0.254677019833846,1
-0.244435469182377,-0.263221231345468,1
-0.083611208448004,-0.210979093224852,1
-0.106250494706003,-0.220094174301354,1
-0.177260854556185,-0.210324000314785,1
-0.101868906113428,-0.235665207945636,1
-0.070335678123306,-0.252938561302116,1
-0.299089382737982,-0.316342918455679,0
0.064979698369763,-0.307704804081268,1
-0.162300766005132,-0.215933410210779,1
-0.296575490542739,-0.275637700296958,0
-0.300432400184223,-0.317636140530942,0
-0.100924488310726,-0.182637165079805,1
-0.082907734208745,-0.220800672643023,1
-0.150187689365653,-0.210061603178431,1
-0.238387550486544,-0.278419262432476,1
-0.021321344843853,-0.284317566932069,1
0.023449274088617,-0.275491167763133,1
-0.035174208868357,-0.247870855472428,1
-0.262640195123509,-0.27998520363484,1
-0.148735334314617,-0.227056709078948,1
-0.051233983539974,-0.21391404570411,1
-0.043680867884273,-0.259171382312397,1
-0.154466921581346,-0.231190880197143,1
-0.051965922089749,-0.239250499493454,1
-0.016880242219837,-0.265528689627632,1
-0.051879368913187,-0.236908999003601,1
-0.282100498712547,-0.274165847990633,1
-0.121961911948948,-0.225618394724514,1
-0.132111736736476,-0.215030461006313,1
-0.085393638998637,-0.230355070575623,1
0.030527738582769,-0.283779824552032,1
0.05456269093358,-0.301027478646227,1
-0.102549874366119,-0.238451673852965,1
-0.119635229299787,-0.188895187660498,1
-0.070969714044048,-0.231631012616664,1
-0.234026378100589,-0.278852063394101,1
-0.140115390798204,-0.186028037648988,1
-0.103127670079301,-0.228248556981081,1
-0.125187220088807,-0.201811121744884,1
0.050680318286925,-0.295571541953652,1
-0.152920746271965,-0.214292505528556,1
-0.146957426810223,-0.212797791503415,1
0.040553976605983,-0.322345387174112,1
-0.238119092031936,-0.253511127731806,1
-0.152989591816902,-0.231730819217849,1
-0.147714653996693,-0.21156169914185,1
-0.087879275298231,-0.220271983661384,1
-0.100348176128709,-0.236452564863909,1
-0.161129877840277,-0.230627366848228,1
-0.195517058548694,-0.196311916827833,1
0.004000743420734,-0.271325499452865,1
-0.066228904804255,-0.235859937797141,1
-0.078010259187772,-0.226583169356519,1
-0.12639519708741,-0.198642968959856,1
-0.159865031282331,-0.224775142430696,1
-0.025530592591743,-0.261832519391332,1
-0.175588750581055,-0.229400102694444,1
-0.200266584042777,-0.225302670879249,1
-0.002023217936978,-0.299298120348327,1
-0.011602542698132,-0.277572104591145,1
-0.064923166153234,-0.235214612160575,1
-0.009439261214067,-0.304477101765668,1
-0.198648058642897,-0.262555729039909,1
-0.048919053341962,-0.239745573065401,1
-0.022731000316075,-0.246787246846741,1
-0.03420934956755,-0.274266494143591,1
-0.193566470388105,-0.234772008415883,1
-0.110708256771291,-0.206324293837984,1
-0.198427755805279,-0.2274014404094,1
-0.170562826416426,-0.22723902950917,1
-0.23720354450889,-0.251356787806968,1
-0.055291616918265,-0.2476885980603,1
-0.172983587721041,-0.232143280668825,1
-0.163234997718657,-0.263037730158986,0
-0.277533377185555,-0.278774324088612,1
-0.1642629808109,-0.229321951304961,1
0.108840443678025,-0.257238394457556,1
-0.10788686714932,-0.2605778499159,1
-0.046388329139669,-0.241726323082869,1
-0.102794232651191,-0.220038819591013,1
-0.014607160556152,-0.2478675411455,1
-0.168469125630093,-0.222993120248978,1
-0.215015766929867,-0.248983457852633,1
-0.076594671802758,-0.227961256477166,1
-0.000907639285534,-0.267114833586618,1
-0.13512704508598,-0.242662493850633,1
-0.131411748547402,-0.230609729432702,1
-0.182933285127096,-0.223518219315615,1
-0.07619248214319,-0.235635325176105,1
-0.129557199074315,-0.214853399368956,1
-0.187924606066981,-0.240587684196509,1
-0.173070621501201,-0.220354908546814,1
-0.111597480537131,-0.23540088695157,1
-0.318861747554923,-0.288690947792139,0
-0.089167165394146,-0.208199514774512,1
-0.284796369377363,-0.314331928716764,0
-0.199885754822,-0.22247173843107,1
0.047649774018687,-0.311997530017347,1
0.058585728985236,-0.277919065023263,1
-0.207937462341177,-0.26215244597086,1
-0.143042730757619,-0.194789592299306,1
-0.180325204063748,-0.206359948681651,1
-0.063278532507679,-0.243718101693405,1
-0.181443812139699,-0.229452840302686,1
-0.010662182267832,-0.277119535963299,1
-0.001952229680481,-0.28824251021759,1
0.000304586571439,-0.247108576589251,1
-0.00721264662137,-0.274234301049874,1
-0.041034294107271,-0.260848002963046,1
-0.018654092592546,-0.268601577248223,1
9.56425701654218E-05,-0.282495011310711,1
0.000931988722096,-0.307061595683433,1
-0.004681865448639,-0.263946170563051,1
0.007334388517934,-0.280664176087634,1
-0.002202398907202,-0.264065874596818,1
-0.005771803830356,-0.253435412873762,1
-0.006356964904716,-0.273308992818822,1
-0.019513352089079,-0.272531465480879,1
-0.030834973858476,-0.215499427137714,1
-0.024870469549634,-0.26894722172719,1
-0.009669197092236,-0.268193746920937,1
0.005941387391875,-0.268839114054521,1
-0.003163230150361,-0.277927188860448,1
-0.009682077702834,-0.294161390134146,1
-0.011106927871817,-0.277151397783453,1
0.002958514414654,-0.296628473073316,1
-0.020990872366637,-0.27784895662559,1
-0.027922330233806,-0.27477778475119,1
0.00895628992314,-0.268660718060935,1
-0.00353485514498,-0.2773905517411,1
0.003078989563018,-0.261402381944884,1
0.002434281337949,-0.291678020357893,1
-0.011631042416314,-0.291453467662908,1
-0.019352648807966,-0.276918809141783,1
-0.014625867951717,-0.227902830267272,1
-0.015073989650622,-0.260992090007739,1
-0.018328632696531,-0.268127452766641,1
-0.009672682487861,-0.285296989124317,1
-0.01109981040942,-0.258746260627768,1
-0.015875540128681,-0.282928652365707,1
-0.004962778569812,-0.259394081960298,1
0.010717843265762,-0.285877981745938,1
-0.013947491376961,-0.281303049358123,1
-0.002819956896667,-0.310773430264679,1
-0.014163463224487,-0.267692565032548,1
-0.021500648084815,-0.260144354917315,1
-0.006023354457159,-0.284508216022818,1
-0.008495642653866,-0.263959739856141,1
0.017855957765262,-0.312806244310883,1
-0.033010170532071,-0.232412591935499,1
-0.016157395240367,-0.295614943709245,1
-0.026987477199744,-0.260577601731832,1
-0.009152811578243,-0.265904271203414,1
-0.006281466790297,-0.268859876986576,1
0.073314806700774,-0.27386995497181,1
0.088260645127921,-0.280050769194923,1
0.054804065047568,-0.290477520785314,1
0.036071056860837,-0.305410129260852,1
0.120367953687015,-0.265325236652271,1
0.045781110788724,-0.279249609186854,1
0.071910373216173,-0.272936883599142,1
0.052777893648057,-0.276847069590085,1
0.098922033017078,-0.253206106079101,1
0.108141847345804,-0.266289177809884,1
0.093034411093152,-0.248648743348517,1
0.065699109000472,-0.298993714625705,1
0.150091233542364,-0.233998470104126,1
0.100390059479964,-0.293484587696781,1
0.071743582547048,-0.284967985250766,1
0.134982457253155,-0.2361058699657,1
0.1260651834172,-0.269793705816572,1
0.04773549074332,-0.273997227695256,1
0.06625676509498,-0.293609980698223,1
0.094849517639995,-0.286181377290552,1
0.047284610396231,-0.268282001242949,1
0.065879999330018,-0.299130716647003,1
0.089879664186952,-0.28331293425298,1
0.064610173759178,-0.264118212003946,1
0.044727942740422,-0.28398055395302,1
0.102277066021674,-0.284322262398173,1
0.044153345402097,-0.293538491418615,1
0.099484558542212,-0.280528166214181,1
0.042562006083066,-0.276976332108118,1
0.087099705886971,-0.279603277840685,1
0.103316716154794,-0.276563178843924,1
0.125604844156868,-0.269808334429996,1
0.129215611315581,-0.256212102398556,1
0.157481656803874,-0.2248613340808,1
0.061932630673408,-0.280235336338452,1
0.0910742672613,-0.296025257250142,1
0.064729828335368,-0.286802451801466,1
0.076250817521068,-0.272584011613967,1
0.066971608344684,-0.277162262334088,1
0.127428000422343,-0.257858086674968,1
0.096782186990292,-0.252181911661344,1
0.116609707154044,-0.283292444434703,1
0.0658506226978,-0.274249257861404,1
0.084893634144908,-0.265416659467742,1
0.151503297496187,-0.259930910851872,1
0.088520753830946,-0.26406125864731,1
0.055755847963773,-0.279213432113659,1
0.080894651528001,-0.283236056015641,1
0.106874460778249,-0.264361915038255,1
0.125909048024104,-0.239604151209812,1
0.10811722729935,-0.285817287161105,1
0.057247140640475,-0.277510206814431,1
0.106939155837982,-0.247775153119042,1
0.110095286112622,-0.247821751302742,1
0.08173399310161,-0.29556652980124,1
0.084187123591024,-0.293243279941557,1
0.100499419691827,-0.245375250407427,1
0.084438660225447,-0.276480606380563,1
0.054225478222384,-0.310703066441488,1
0.093559091251536,-0.260467865837772,1
0.067905820676496,-0.275183061602494,1
0.150415092366895,-0.2473230544025,1
0.10001029306831,-0.274571255068641,1
0.127499133694483,-0.241996554758011,1
0.103611820643031,-0.257279131603019,1
0.043390966814113,-0.287937243783536,1
0.100780242251211,-0.250805439145877,1
0.054770635132468,-0.261544339633958,1
0.059457506905938,-0.303122359410925,1
0.099907795036609,-0.271815749678776,1
0.105429007257656,-0.278407299795668,1
0.06591196981567,-0.289872947613014,1
0.130714220837184,-0.242528612526819,1
0.054885739389842,-0.287166609021954,1
0.117750288923226,-0.276501814019333,1
0.107443056841581,-0.250928227360196,1
0.113929423829601,-0.294320946716541,1
0.076028157616399,-0.29919032587185,1
0.096836467823958,-0.271817710438067,1
0.076887091569095,-0.30775127091628,1
0.047538876584234,-0.294106657394565,1
0.144306041400839,-0.241556766763347,1
0.144910497939621,-0.245340751298845,1
0.105814644339281,-0.26804825205555,1
0.129966458660986,-0.232111949337364,1
0.11931323618951,-0.265402338998987,1
0.097998415957801,-0.2483228141104,1
0.080901118532432,-0.263002872017568,1
0.059564840422735,-0.285276260048875,1
0.096183463013094,-0.274589557901975,1
0.084613208284395,-0.271222826585282,1
0.068992569726722,-0.284021755547434,1
0.067251584721775,-0.289802032154132,1
0.055862422372956,-0.268095021294357,1
0.088960971666705,-0.29843221202891,1
0.100700498887989,-0.293048719449372,1
0.062170614136659,-0.27495897525331,1
0.147701042983089,-0.259811541206798,1
0.089904314352907,-0.25406450848271,1
0.092010982049035,-0.275108187446496,1
0.234974277275237,0.084869510139951,6
0.222543335661841,0.110455697372247,6
0.230473474749824,0.047829505717343,6
0.23161748315554,0.032015118894796,6
0.22499307482298,0.176900321361078,6
0.232379975173896,0.129554015503067,6
0.227087857797794,-0.006689203590145,6
0.23220578268047,-0.065504477822866,0
0.22339377901014,0.086981839795805,6
0.217194619953158,-0.024314716510121,6
0.233480961110356,0.129488038506019,6
0.218627786977094,-0.077795634320027,0
0.232046718619963,0.048246786159876,6
0.237476953422976,0.046809139831329,6
0.226971579171814,0.027958816093517,6
0.240261375567104,0.13444914286061,6
0.237150126759722,0.168919784901431,6
0.22505239732167,-0.014105608480904,6
0.227439963744025,-0.025049289219166,6
0.226603712192791,0.104832802454356,6
0.242192457518702,0.26173205137528,6
0.235277275420162,-0.171676276067229,0
0.230456870896525,0.098417206116364,6
0.233374852758908,0.123527733088933,6
0.222265246990292,-0.026229697722822,6
0.255653183494466,0.19283410387443,6
0.238700129236689,-0.09249901605954,0
0.220209103352656,0.059932613836012,6
0.237769939966566,0.185206107665744,6
0.22976430829779,0.220642562251612,6
0.234748382938838,0.059521325084655,6
0.231418692936371,0.147048350703574,6
0.235932192452504,0.289748640986856,0
0.220914131148767,0.229319849784648,6
0.218311059855161,0.004867376967635,6
0.246204682070341,0.181228378007568,6
0.237749394297041,-0.002719133886006,6
0.226180680966461,0.059552583511664,6
0.233561758393061,0.012571210611781,6
0.220417788633392,-0.002312374234405,6
0.242378059233112,0.187348339200834,6
0.235772847613414,0.125708070091469,6
0.241325255703264,0.02787297607218,6
0.242141869465672,0.066756869087859,6
0.220365345753245,0.332274129774967,0
0.231224357387253,0.078006081036294,6
0.233459792394231,-0.024066621844557,6
0.248963751612494,0.151037778328316,6
0.223776791737636,0.075236595123841,6
0.244478568875125,0.081617714429319,6
0.240265214394904,0.160858126803114,6
0.24096920674353,-0.258449961194974,0
0.222580562577721,0.255993363808325,6
0.223700367438921,0.093910334046551,6
0.234155753255181,0.020164653146808,6
0.225449326639664,-0.018993577303849,6
0.238756185107861,0.171838946175033,6
0.217847538256329,-0.177241759920577,0
0.213734720027214,-0.017709214461,6
0.234675597946303,0.08795570579342,6
0.233364552107421,0.218205653357574,6
0.240732804157621,0.083444420852105,6
0.234643460588764,0.238391801575808,6
0.238941130541384,0.171998166848933,6
0.222808813768975,-0.101515743847151,0
0.237570514751713,0.310601311676415,0
0.220914076982747,-0.190908747350378,0
0.246224100970063,0.156227198818647,6
0.232220976457229,0.161971107909466,6
0.241568666417605,0.016902588122486,6
0.223099932079753,0.161451869214558,6
0.249149826948681,0.246142096478452,6
0.229551131733076,0.151570205715742,6
0.23584453211096,0.155525006828243,6
0.239780451512528,0.155828737127929,6
0.235620243969605,0.057691248264938,6
0.224060395633934,0.092504506233722,6
0.236680384476849,0.002607239273178,6
0.242472173596946,0.17770663612166,6
0.233877962616648,0.080567657318865,6
0.221582918639259,0.284523027333854,0
0.228750547270415,0.03831593075558,6
0.245765665538594,-0.003329291824153,6
0.224873968957672,0.144032335445638,6
0.231144207323409,0.138670616852633,6
0.236850191587624,-0.15047202681116,0
0.226992662834065,0.088909464531153,6
0.233249556475813,-0.018581762575677,6
0.232992163958634,-0.106980706386311,0
0.231374786590136,0.066826122712282,6
0.231726715242577,0.041875240238428,6
0.248729859501552,0.147807034225463,6
0.231547015136744,0.030859683108711,6
0.224252488792677,0.062559667357768,6
0.235892663689555,0.142783525539495,6
0.233250889563181,0.123806223689169,6
0.220355317475018,0.216530499498306,6
0.230077404871899,0.235205337998418,6
0.229901955763997,-0.057460963066401,0
0.220455924614939,0.094594709266069,6
0.228747092317185,0.206327478305038,6
0.230038385215747,0.078060836429289,6
0.224292162994176,0.208587999254038,6
0.222710808497626,-0.009334249641853,6
0.240933594575251,-0.033284120896965,6
0.225327418027592,0.097429925473831,6
0.229498459507029,0.086199277001744,6
0.226077227516255,0.077167232478084,6
0.243720443297106,0.04260003849294,6
0.252776845656928,-0.009604162618033,0
0.230048922510129,0.174103381728187,6
0.237652703766036,0.003906198991025,6
0.237577480993644,-0.003195803230852,6
0.224756588188489,0.150467635521378,6
0.239674866354664,-0.115720656922102,0
0.240678449639933,0.21969297444326,6
0.233312047855425,0.128929654897099,6
0.232557012261556,-0.01455340870765,6
0.238801823221191,0.016094333122596,6
0.242101448033586,-0.058821665487131,0
0.227398966547651,-0.139935730353795,0
0.238679129773458,0.331283015018952,0
0.223216409234242,0.136142260319627,6
0.241562160079002,0.233948679955815,6
0.237066738783343,-0.173837778994548,0
0.220764157105617,-0.010653940244481,6
0.224813777091269,0.060299634993045,6
0.228928048304228,0.197021719596051,6
0.235317594431989,0.12041950364876,6
0.232298482921541,-0.022614285994294,6
0.234623826341428,0.066469340329015,6
0.229651823334237,0.12325727269908,6
0.230518436480526,0.138062729504579,6
0.243177203048914,0.260133749878013,6
0.234501539734361,0.196599968323383,6
0.24463579146717,0.080945889451047,6
0.229373142486413,0.015724326582838,6
0.227216440140302,0.111403969987743,6
0.243358734366935,0.162604861303105,6
0.241022564741947,0.101705580208428,6
0.234032228477243,0.132547354890164,6
0.244048303195291,0.105377346199303,6
0.238240739453174,0.080607969763401,6
0.233233850802516,0.096514008760483,6
0.232515693562719,0.118948184678672,6
0.236912908024927,0.112804141892818,6
0.239772632623193,-0.110613173228547,0
0.226509580508901,0.235614460987861,6
0.231390892092664,0.245964879180322,6
0.23539763232712,0.041736143252132,6
0.228433820003745,0.111111819984138,6
0.236843470195841,0.075303665799902,6
0.227868871268038,0.121782388377867,6
0.242209450293107,0.07365049113574,6
0.234321500397594,0.150953033941226,6
0.237268195812436,0.119274305523148,6
0.239617563239443,0.031933766478036,6
0.234634105933743,0.168360843606993,6
0.235428586466899,0.18080186677976,6
0.240382374635562,0.087555691162641,6
0.231776901256046,0.045746210525401,6
0.236278283137006,0.314167689213168,0
0.221403412424478,0.071916960493271,6
0.22454190404484,-0.044586139052731,0
0.232706738844986,0.124677587080833,6
0.229982009876835,0.064097247142949,6
0.220852586863899,0.054909947961259,6
0.227173132693776,-0.003402610071001,6
0.234913631994399,0.086880374034193,6
0.240502379368109,0.01611037159633,6
0.223551240387922,0.05669770209523,6
0.242015471907232,0.147786454960902,6
0.221274082436022,0.139897082434455,6
0.245638301577743,0.072791108592373,6
0.241098949242581,0.234261283532648,6
0.241289300713139,0.031486008675655,6
0.236780988092641,0.075591526851631,6
0.234214298500204,0.15923260268439,6
0.250540506930524,0.172085779779901,6
0.232953109879547,0.159233183437428,6
0.234868430456077,0.19267987291739,6
0.234351443753777,0.069452291212023,6
0.240171880406726,0.118055171291783,6
0.233417896948576,0.086350383183621,6
0.253134164884488,0.091827946526069,6
0.233528721183079,-0.073727000770115,0
0.233659681099028,0.075128719395264,6
0.23077818455442,0.040581428766087,6
0.236801710292345,0.253480005187899,6
0.226024813657123,0.053882819190531,6
0.229456098047413,0.137849183346024,6
0.227797093049317,0.014998271714226,6
0.232113485589701,0.305547175354278,0
0.24525656083516,0.051916681592579,6
0.230092364798416,0.253440897897803,6
0.257823631266416,0.199960327689257,6
0.248754848032032,-0.049047627291939,0
0.230538249495177,0.000118760492223,6
0.225036441730124,0.039993112653227,6
0.244091725797927,0.183456997110035,6
0.37075737572649,0.192736252021575,5
0.226646414360328,-0.188064688927543,0
0.451026874479831,0.325660268588079,5
0.408065642732738,0.238154823680621,5
0.389557416367619,0.249776367076009,5
0.494308771762631,0.370735142335224,5
0.351120484420476,0.197986728290058,5
0.455536503492642,0.290508232045035,5
0.388025845687599,0.210857404091912,5
0.343960034073,0.149201949736896,5
0.439669366920548,0.268778994918199,5
0.506646846902401,0.367394161477112,5
0.440980728026058,0.311461496438057,5
0.440317755361001,0.295758085363672,5
0.431675422498541,0.300266359533331,5
0.399792893050919,0.244177746114779,5
0.396525443847451,0.25920115340935,5
0.32696940262105,0.11283659493901,5
0.410027161407361,0.239002135153452,5
0.253618197690155,-0.084741163254861,0
0.480587293419773,0.375938411057761,5
0.476765265535372,0.358206070241492,5
0.373047315262265,0.15560873880629,5
0.403602290980213,0.222090646720675,5
0.300328502008014,0.063425566384146,5
0.412668434178885,0.252991613624548,5
0.382977495478743,0.221744569515577,5
0.418436251712748,0.293285819628165,5
0.373647106488268,0.19993713887066,5
0.398966039033046,0.232521270870713,5
0.406790029542501,0.269901976294145,5
0.390510605239682,0.201082951681632,5
0.434576244320704,0.278880413104674,5
0.378983149785751,0.201370668854016,5
0.454839168588979,0.306009569673908,5
0.415734970120083,0.275726741756222,5
0.289880652214283,0.05343019019536,5
0.392518336058084,0.259520364340704,5
0.443327335086595,0.265735178002542,5
0.4707992845415,0.317024580441165,5
0.430088655093403,0.281568395026503,5
0.373257356246391,0.258976179685229,5
0.366193723026962,0.215469763132118,5
0.320362331010099,0.166470593538043,5
0.3576632155244,0.184223025297273,5
0.398698651352127,0.24805121127672,5
0.435243872671026,0.254201882683383,5
0.395405748852931,0.236585717792571,5
0.352809949080087,0.136856575353741,5
0.356457536438271,0.164927605983211,5
0.376141337723414,0.218430098811104,5
0.336139473904354,0.154787205189716,5
0.282300913887092,0.014543010403849,5
0.360043574181812,0.203236576170682,5
0.346809707666492,0.155242535099654,5
0.376554933186828,0.193975100445939,5
0.413392173730561,0.25519882278317,5
0.360670894848542,0.181276155076596,5
0.427543493172059,0.307306995830158,5
0.369064727938863,0.166991362896851,5
0.413672408963497,0.256312800178637,5
0.405658982568082,0.255607167288318,5
0.425816506437263,0.294920452012628,5
0.390091047167148,0.211147650035869,5
0.282796226690272,0.033807490660344,5
0.436767209846934,0.296686485437701,5
0.337643262082238,0.118454722328891,5
0.321850845884108,0.137454897349799,5
0.468219503438386,0.334307582332515,5
0.352899671784688,0.183161587813501,5
0.436178099478395,0.295389884607721,5
0.370085280237432,0.201723754340709,5
0.291041797111569,0.049627774965983,5
0.430945762073125,0.258277962517107,5
0.386451449438346,0.228754995643609,5
0.401633426753322,0.260831008880844,5
0.399278290410558,0.267629147992366,5
0.430797099394457,0.309039647893774,5
0.419981949915062,0.281296812045223,5
0.387720947637325,0.225239192085666,5
0.403184130221696,0.257542307099572,5
0.380665662581196,0.227117375234715,5
0.353006349600768,0.173052503272884,5
0.324094643826954,0.109229993430907,5
0.26939822629124,-0.016118589474156,0
0.344468777055548,0.153443618357901,5
0.378746204360239,0.216529392125909,5
0.36426302881545,0.164283149944675,5
0.24380905554269,-0.145318958188167,0
0.473987302196214,0.336931560633948,5
0.359339748645988,0.207808851968478,5
0.461015110226673,0.349277447070593,5
0.450483458174667,0.331504707105441,5
0.300623508415234,0.0510343909163,5
0.399952015956184,0.258063849173901,5
0.459009054195019,0.32545877994545,5
0.344582857441458,0.137939113731659,5
0.373708121727235,0.197260703677988,5
0.417505037166489,0.24798122665082,5
0.455856344299581,0.345596807976714,5
0.41505082907753,0.256038513493683,5
0.341713759191664,0.132963676143343,5
0.292003024177669,0.061342159349843,5
0.437886776676216,0.277620864180908,5
0.45017575862867,0.340966996089376,5
0.31723463481361,0.129486378063506,5
0.350483186598461,0.194911470321034,5
0.390732735153928,0.199634375077514,5
0.299894454152063,0.079991850320035,5
0.304164482658587,0.080095507814943,5
0.36359422314776,0.180866012607128,5
0.348361258068933,0.170529441836852,5
0.395301843744371,0.241249620442737,5
0.434425045979394,0.295878743645285,5
0.302284615608714,0.095602092289412,5
0.341240835133433,0.15749867964443,5
0.305145754007462,0.12522039784205,5
0.39882601368289,0.258187414207211,5
0.365654023257162,0.198548018304693,5
0.354578063391293,0.172546185502401,5
0.457691573882504,0.350384980017365,5
0.314353475604237,0.128677927763312,5
0.343595333532662,0.162989333214484,5
0.283352746625847,-0.00210374561067,5
0.381603941328174,0.212878803838457,5
0.427142366435488,0.24199598608194,5
0.394894772103391,0.223257335931468,5
0.38691523843152,0.266629725368004,5
0.397351134640111,0.257670273205099,5
0.346727908006742,0.14840955105802,5
0.334905231500239,0.13187270522158,5
0.457790433899486,0.340330930173054,5
0.500810916533143,0.330518502636947,0
0.316631588760533,0.108762145605546,5
0.416605254282771,0.26645521635126,5
0.340785951982524,0.139488525777932,5
0.440676310741797,0.277795276617505,5
0.431709438057253,0.281246984915784,5
0.434828299833695,0.315774381905448,5
0.310485113958674,0.081524199048726,5
0.45217316076438,0.281957317232422,5
0.338204588968113,0.1347765137418,5
0.40927332536139,0.249714771322371,5
0.423290163314079,0.307222950913918,5
0.446371233438108,0.308824198761507,5
0.298090784282818,0.046983071539383,5
0.457029969323854,0.334655956305293,5
0.392945480513262,0.225858769736449,5
0.293938654806763,0.071016181994728,5
0.364595235413173,0.192452470002976,5
0.471128040793094,0.347678993689288,5
0.403124343075094,0.25350554859777,5
0.36995522761921,0.217732592781855,5
0.407270449098687,0.266415642702263,5
0.375529410716818,0.18637850457746,5
0.435734206626328,0.330473041360824,5
0.428701828150255,0.280962566009587,5
0.423572017629537,0.280745052901434,5
0.367843798947139,0.216701378133201,5
0.317047122556493,0.127024124364405,5
0.355179083592158,0.202365753643287,5
0.441040105433575,0.259913750733644,5
0.456248477148046,0.349850998170339,5
0.419620219524214,0.26765604416263,5
0.485318285301201,0.352297651552844,5
0.488698764813097,0.362328043264245,5
0.314018624977056,0.067384226135656,5
0.375191686335238,0.20762768415939,5
0.478737366419045,0.366298737956682,5
0.383305662375586,0.210374659823715,5
0.246188999714944,-0.116579134096111,0
0.467943578010035,0.350724061561594,5
0.372582255419585,0.221156859388122,5
0.311491247593917,0.118235961325756,5
0.437564904617496,0.266014352023628,5
0.390396305855356,0.215406923177422,5
0.443087617205433,0.274841297816927,5
0.388252937185652,0.226623784379253,5
0.361071106789121,0.164677127017899,5
0.408086618623939,0.270374611168924,5
0.417561920952263,0.258332141515729,5
0.422221495018586,0.263584438119547,5
0.399704035225324,0.250027760106709,5
0.322878591293205,0.15760569600282,5
0.404632913420587,0.26137769235763,5
0.420522264536685,0.277352067441041,5
0.426307154027901,0.282837163564778,5
0.433126219007917,0.269016427423971,5
0.419603692474359,0.280875626117288,5
0.289893092826106,0.022446065712057,5
0.342929424272169,0.176240224833837,5
0.299765555090553,0.062360580010758,5
0.369657585967702,0.204989585618084,5
0.385302928365712,0.2401324555127,5
0.246924393073041,-0.098721161471612,0
0.418853263930945,0.263096192876185,5
0.36347487008208,0.160045076552516,5
0.452220816640423,0.35882064864256,5
0.325557234428851,0.162399828489035,5
0.455533596474587,0.298160548926639,5
0.04595898553703,-0.04272977997173,2
0.084056539856517,-0.068088413172327,2
0.007184672464223,-0.12545705131977,2
0.16914181999627,-0.128893675382226,2
0.053887030475697,-0.090024244299064,2
0.017520314015761,-0.185514971008641,2
0.095907010994226,-0.041488832970001,2
0.087027852850761,-0.066222986086999,2
0.014488821628404,-0.157680227670843,2
0.133206762756873,-0.118681220778471,2
0.121892116359832,-0.107977674601387,2
0.095231300035486,-0.03873905179287,2
0.042578699481114,-0.050089745458434,2
0.096482789237163,-0.053400084277166,2
0.020855206201463,-0.127400055082899,2
0.014578643588061,-0.124125057916738,2
0.036807900659817,-0.087137606210355,2
0.066241531505143,-0.064049156716878,2
0.00961091156478,-0.221597338111713,0
0.029253845513427,-0.153934440857479,2
0.009184286360191,-0.086749943787538,2
0.138568975818795,-0.082142210567243,2
0.034083345388439,-0.202215691239928,2
0.182043958510793,-0.103952138051949,0
0.109009829231042,-0.137311792782071,2
0.066894761152969,-0.131610319704553,2
0.109335223081487,-0.113747830720925,2
0.18448480807488,-0.050616606544054,0
0.031233451558202,-0.032155030387826,2
0.035254694855342,-0.11406049112876,2
0.120931465733069,-0.114867347155521,2
0.029300101514416,-0.090636846109347,2
0.037455677289275,-0.105960821650606,2
0.100081035644155,-0.161092160098234,2
0.078417310623144,-0.173899106144723,2
0.073627440064239,-0.015555011670994,2
0.061120147436021,-0.117125189369709,2
0.01925384809252,-0.031854851172012,2
0.025987758519319,-0.122184186123424,2
0.039567195422729,-0.111689348465427,2
0.05414927928196,-0.081712937131814,2
0.017053571984183,-0.059711710349778,2
0.032066210449047,-0.078851989168663,2
0.010938194871356,-0.116544858416509,2
0.101243585015463,-0.139511203706465,2
0.06935578453035,-0.028856786831875,2
0.142443798025084,0.02985099661981,0
0.033951318152931,-0.124962407568069,2
0.191409686671639,-0.041047293360068,0
0.182383852905103,-0.079603909935175,0
0.04039714998184,-0.053999725742659,2
0.023360099577645,-0.108422550741033,2
0.053641102501493,-0.095995073707036,2
0.005549061488214,-0.149159249950232,2
0.130069004717172,-0.084055060455321,2
0.022239772987255,-0.042883863018095,2
0.181184438064481,-0.07056266364022,0
0.025096549155708,-0.053346760304889,2
0.028397105430219,-0.1435410647173,2
0.118776667376507,-0.098357104225235,2
0.125605173791409,-0.103273592958875,2
0.11683917447604,0.036108104198464,0
0.051782776027281,-0.081013673693652,2
0.034661671637208,-0.138649920580903,2
0.214292991594319,-0.061092920207182,0
0.105757323614884,-0.127598518721787,2
0.025623320027641,-0.109279617851494,2
0.026497527340978,-0.130141238772681,2
0.065180462084804,-0.096847750180729,2
0.051249351571798,-0.195231268900644,2
0.019643397472623,-0.119729446599321,2
0.07483043621238,-0.027871343940296,2
0.060077047946869,-0.103688084599016,2
0.021334921871199,-0.090870229307986,2
0.010695350039039,-0.088414416170561,2
0.087412197628394,-0.099337759181477,2
0.082073076321881,-0.033454013206149,2
0.048173079284902,-0.111465455843952,2
0.397392752093829,-0.092887298676615,0
0.017243458361785,-0.134771503262704,2
0.027430121354538,-0.221933300869008,0
0.161183916185702,-0.053882630158643,2
0.011208903851616,-0.040182742176361,2
0.071969374691691,-0.050461666752174,2
0.049516269335072,-0.049197965482211,2
0.075789799524911,-0.233325622359292,0
0.158061000456236,-0.041186220498835,2
0.071046514054927,-0.05913871175743,2
0.030347622554874,-0.079833579061369,2
0.056895917660864,-0.161998466719401,2
0.08286628439602,-0.016154524222968,2
0.055867804236833,-0.154964962417551,2
0.232919003904597,-0.012854993678272,6
0.074516267929118,-0.035269327381594,2
0.040667368585496,-0.087523835479188,2
0.037373393241966,-0.051009262567638,2
0.356184592152767,-0.112237015134248,0
0.065599017328539,-0.078627198367628,2
0.107457461243648,-0.004101085236073,2
0.117793389130561,-0.144386155506992,2
0.085761293848946,-0.106380062810739,2
0.02882069712563,0.004456927462859,2
0.025876484431595,-0.191389960108728,2
0.097863213712917,-0.165572992723095,2
0.030241490846141,-0.01821652499616,2
0.025491561358677,-0.035809466294359,2
0.016720847588181,-0.09095137655418,2
0.010481130772465,-0.07038644655803,2
0.173261912581368,-0.071340785599933,0
0.089588385970466,-0.103062939296661,2
0.026079452126391,-0.044473715113041,2
0.040311952354734,-0.122130691784976,2
0.050008096973175,-0.10082944270927,2
0.065323721504457,-0.107787179044653,2
0.097261022329959,-0.094573921455804,2
0.097585863147576,-0.129955500631397,2
0.069860181424834,-0.077123511832456,2
0.139373076556483,-0.167409639792242,2
0.057239885981627,-0.068506833498406,2
0.112935695597788,-0.065695313816018,2
0.087483777525714,-0.078910796516886,2
0.088312823625532,-0.130117146662374,2
0.050960679051894,-0.054863717386156,2
0.018141671351119,-0.087481611263108,2
0.058647261457738,-0.14715086968019,2
0.016345909992187,-0.156366970018343,2
0.150491433224275,-0.036526377015361,2
0.058496043531731,-0.059680676841952,2
0.055240634937019,-0.042685937677949,2
0.045758749137562,-0.143913180005762,2
0.188086071034388,-0.186322100146281,0
0.053732177241936,-0.095293401018979,2
0.024838084074521,-0.121213315280184,2
0.105355920090705,0.005989177218572,2
0.016910654411921,-0.114050751987802,2
0.047529000838231,-0.157898338844765,2
0.044408373795839,-0.146525850577232,2
0.171246812127019,-0.154572881579668,2
0.058624440946074,-0.141817461875303,2
0.011791800007741,-0.064113198770882,2
0.099148277913292,-0.106200521746588,2
0.0677556993766,-0.11312747912939,2
0.070695335709609,-0.152416635060543,2
0.03807161787977,-0.124545410043635,2
0.020216835411598,-0.084404483839672,2
0.233018704150934,-0.133499449946211,0
0.019401556344027,-0.016454323470578,2
0.124031364884811,-0.007629686269222,2
0.09011978100176,-0.112347365695706,2
0.110604989551069,-0.084451852802807,2
0.053970019384801,-0.153533161705096,2
0.033811234573997,-0.096343044210731,2
0.037926353695937,0.050371412377935,0
0.083843652588714,-0.018852018903579,2
0.023229395440613,-0.086594831132251,2
0.039562471363306,-0.174396300462086,2
0.132388941505442,-0.083573564219549,2
0.020112652959513,-0.16728761435113,2
0.033287864463649,-0.170022766027449,2
0.028364198142458,-0.134122624251295,2
0.026089881464878,-0.071141311265531,2
0.116386421322238,-0.04039331645591,2
0.016902909639537,-0.086367369481511,2
0.226243876327921,0.010302653106355,6
0.064645947992857,-0.099114290841836,2
0.025104287853347,-0.087200648187361,2
0.035807195040244,-0.161993540422851,2
0.085893662282082,-0.115401734668323,2
0.061556439594049,-0.133947156930295,2
0.100771528236676,-0.07380722520777,2
0.021257459386148,-0.204702094826176,0
0.068004721850208,-0.132751408732204,2
0.066408079788762,-0.064807335378647,2
0.041060138660497,-0.029591215866105,2
0.059623046413133,-0.131992214622841,2
0.075448295057132,-0.15306830534451,2
0.031322633342312,-0.139702994738166,2
0.080991969279985,-0.134262917030799,2
0.149923197200257,-0.14743179518537,2
0.021205565855661,-0.128215169079927,2
0.226375630615281,-0.115640002686732,0
0.071507416895414,-0.0337063993973,2
0.043053952381821,-0.093157273991806,2
0.061649555413627,-0.150527371003708,2
0.173044572294975,-0.052953792709814,0
0.019156260643414,-0.12283844011417,2
0.067826595593753,-0.104897739157713,2
0.071756220600012,-0.066625806856216,2
0.027518311282962,-0.085831112672584,2
0.079876185007111,-0.129871406200514,2
0.057085696335742,-0.125961828323167,2
0.030963270720145,-0.050979973483143,2
0.072875792691093,-0.071099668814304,2
0.133234877421076,-0.049769962889582,2
0.134412571845527,-0.174801663395968,0
0.253923682807269,-0.257502120732486,0
0.117797542782935,-0.033304479761824,2
0.047915888191853,-0.104312096094532,2
0.061499723915594,-0.092508516450523,2
0.059058399458156,-0.069719937976199,2
0.022162783391233,-0.119686138546911,2
0.042141077534848,0.004916107610102,2
0.091375283386975,-0.127661352503438,2
0.160979968179395,-0.075906166905712,2
0.022404778813771,-0.034361235341705,2
0.041104707048625,-0.083027104704654,2
0.072646048054827,-0.146969272043622,2
0.276210977436408,-0.11940422945071,0
0.194990657670765,-0.140061620150979,0
0.084761641583458,-0.116678285511946,2
0.037166717602579,-0.139378591780412,2
0.082643402480142,-0.098530568803554,2
0.142281550608314,-0.179691076475724,0
0.046662587857246,-0.097373235467421,2
0.059634959046018,-0.08466771861039,2
0.06699103076052,-0.028429930060237,2
0.059312703969278,-0.055083162166524,2
0.044115951920595,-0.192019974050858,2
0.299664418235856,-0.094286838503746,0
0.015697728043328,-0.075644198462746,2
0.099567466874797,-0.075223325338762,2
0.082558147555462,-0.125760429579295,2
0.07769627439294,-0.08221654507488,2
0.096852958358289,-0.162583916551133,2
0.057544684877522,-0.132662774930497,2
0.125958506882886,-0.106869013230678,2
0.050555338223424,-0.179341846160441,2
0.08745686659734,-0.200319821315332,0
0.05515724307252,-0.044227516596375,2
0.031587593602938,-0.085848898514215,2
0.068049351463842,-0.160105598119753,2
0.069861107012215,-0.088546160205853,2
0.033273077991066,-0.199877642086791,2
0.085085218361813,-0.081285898554184,2
0.163003998428473,-0.14715919017069,2
0.103620019101162,-0.068288546085394,2
0.076244947216387,-0.07854276196417,2
0.191353309835155,-0.085399488449494,0
0.099182110480398,-0.032271898242611,2
0.060090350944117,-0.101294187024341,2
0.048358105657721,-0.187758902588211,2
0.142389731414498,-0.112383492809149,2
0.086315409036687,-0.049575701697575,2
0.051465920048292,-0.046747978688729,2
0.027067644453168,-0.07954912643957,2
0.046677872472936,-0.051486124921172,2
0.066148677740326,-0.064092891854035,2
0.234033493180391,-0.017655188366957,6
0.04247561985801,-0.100998342028552,2
0.116607546889469,-0.065211217481811,2
0.043092268811006,-0.040387633315302,2
0.065450273416907,-0.086817596823157,2
0.047615473004112,-0.144785447675836,2
0.099349496919847,-0.144817598855811,2
0.078909315997209,-0.106750825948913,2
0.029769837528251,-0.038146310837155,2
0.117354126239167,-0.121262673231733,2
0.073081674564952,-0.099399276082306,2
0.033331159746056,-0.049158685759468,2
0.048359044711181,-0.086884504425097,2
0.047413921472011,-0.012575522040049,2
0.040191727981124,-0.246334083452019,0
0.057756559955291,-0.127846171360566,2
0.050375306391829,-0.116490080202889,2
0.114274056722037,-0.174493728416469,2
0.104555838578635,-0.106136544311823,2
0.019781519480176,-0.123306286364282,2
0.035811509651675,-0.091490615146529,2
0.19046505230152,-0.143894281941689,0
0.103640822196409,-0.132426991975996,2
0.040459115654356,-0.138366198699629,2
0.055341962487647,-0.086681736069581,2
0.072078256005807,-0.023399479173548,2
0.031384444640812,0.000353626690853,2
0.038658262188548,-0.077336352625192,2
0.080565497795549,0.005854812016798,2
0.252548659134174,-0.063713290287465,0
0.045796691060143,-0.064468929086307,2
0.060098252866862,-0.06034427922795,2
0.067171909668365,-0.188610509162536,2
0.122146751476948,-0.012516608024937,2
0.061356680424654,-0.126624853778945,2
0.055920346605629,-0.158937996586908,2
0.057180160215619,-0.102747781365665,2
0.152583498703839,-0.072411085378593,2
0.042669026779889,-0.124271723900503,2
0.033056360953774,-0.078068398160213,2
0.0160929125239,-0.170356276646071,2
0.080661234511052,-0.086918690286375,2
0.050881785408969,-0.000385173355928,2
0.060108779471648,-0.16802153906201,2
0.041180550181084,-0.100307488933689,2
0.074317388832787,-0.152763859229857,2
0.109960142668465,-0.038281190184632,2
0.069580677909053,0.000181074732909,2
0.146266323488595,-0.029703125859407,2
0.07064483216487,-0.122364820891909,2
0.102960983497122,-0.122948763976469,2
0.020050882567731,-0.129009287966774,2
0.062450307839034,-0.123271060877851,2
0.040034106025352,-0.130925117032608,2
0.065240703559825,-0.107193988981359,2
0.104096455134098,-0.081651712777165,2
0.052101053238314,-0.115764196156803,2
0.050638072675833,-0.198389914288333,2
0.027042180265121,-0.088889740598292,2
0.112658502048042,-0.020057735650723,2
0.082127949362595,-0.170772850241611,2
0.115585240386931,-0.133678987470446,2
0.202506272434818,-0.155520745322759,0
0.027090897326441,-0.173770679605514,2
0.027917569426648,-0.07265799986245,2
0.084714284889836,-0.085962837284146,2
0.054766082182104,-0.077794551402621,2
0.08002809785154,-0.080278029826178,2
0.061576347550925,0.070135286957841,0
0.033894475766188,-0.046368581311382,2
0.02175882396123,-0.086018970671618,2
0.055093983377769,-0.11301338627012,2
0.048467236485222,-0.082535484349371,2
0.031924416763367,-0.183497751341868,2
0.019288650321865,-0.092399709543839,2
0.142076926385759,-0.126408709291935,2
0.097147668586156,-0.086260164251352,2
0.04563711523928,-0.034220030464676,2
0.091983794039328,-0.111556532609992,2
0.067872614213209,-0.044538099313783,2
0.031194060383245,-0.02453389775977,2
0.125972596478531,-0.043630782086835,2
0.080359719260709,-0.013771679986028,2
0.068032880188382,-0.160557764728465,2
0.212048386957234,-0.121157485317725,0
0.146826529541089,-0.03038144071099,2
0.041825835932335,-0.071377489069179,2
0.044605036659872,-0.119272968080542,2
0.229048129896522,0.106602380399322,6
0.050809777324129,-0.125677955529152,2
0.101289630543137,-0.195780895541896,0
0.072098722649192,-0.118437682621462,2
0.055284954283453,-0.102853594542686,2
0.062072195126808,-0.173006656889786,2
0.098098358725764,-0.130797917452702,2
0.103126733002173,-0.082759794470006,2
0.005704008293578,-0.169294622182116,2
0.038136520884852,-0.229540047619265,0
0.028832211889414,-0.096204280166423,2
0.071294536904621,-0.11046450063297,2
0.014472635644749,-0.104264991465854,2
0.058525641660831,-0.160382518491207,2
0.021619515072883,-0.179039306815084,2
0.096136651561816,-0.065235434387528,2
0.046504210294114,-0.083956645168633,2
0.116060339107023,-0.038179620764494,2
0.063018554463794,-0.163160200955012,2
0.282650761365715,-0.171943598033587,0
0.204151217830787,-0.019696340107714,6
0.034278335919933,-0.116382774609496,2
0.123065393061019,-0.074582006961176,2
0.045081232581707,-0.072771337695994,2
0.038069266936525,-0.146962928766426,2
0.108206648164075,-0.129979918617734,2
0.029042654410182,-0.10650571408095,2
0.02305351660667,-0.15288430459945,2
0.106214080137036,-0.124991631951411,2
0.009076019553105,-0.127875999373098,2
0.0377544355302,-0.138554608543849,2
0.141467491072378,-0.055895516094308,2
0.052486068342729,-0.022087687853235,2
0.104159141510892,-0.037184233039266,2
0.083929626926311,-0.00647302668117,2
0.058729219178373,0.021557773374047,2
0.063514821509046,-0.093638535070946,2
0.044397039673389,0.00036736819634,2
0.009949556376669,-0.163036782060979,2
0.040940979726972,-0.160086010674803,2
0.023265778570306,-0.090494543961038,2
0.035470285096725,0.054702433262647,0
0.137178194309045,-0.008056354408093,2
0.023666256715826,-0.047048777951135,2
0.107393498869008,-0.064037312678038,2
0.209184301882833,-0.056204105311836,0
0.105197238628492,-0.163556125036881,2
0.029254637536269,-0.088948249358431,2
0.065520952005339,-0.168926845953435,2
0.133375177458961,-0.06233011201907,2
0.020649737728815,-0.150695568274466,2
0.082500522457388,-0.153699146911626,2
0.022376580942147,0.000934684705843,2
0.083583740267078,0.009331981040692,2
0.083009610241185,-0.078545878854746,2
0.051793278645902,-0.071217418611486,2
0.079214113963394,-0.087762492664778,2
0.227084906644226,-0.047497277330861,0
0.068062233419956,-0.0595181164538,2
0.083079703228309,-0.137819805420537,2
0.116580635884887,-0.092453210092205,2
0.047233065748713,-0.11375390877665,2
0.044757251944655,-0.248388342988901,0
0.06038159223273,-0.064829895861605,2
0.021100549611785,-0.050460821045648,2
-0.346050743662317,0.107126023662085,3
-0.198294419049294,0.170275212343436,3
-0.319037041436651,0.034508442667518,3
-0.02127272006897,0.624836868390516,0
-0.409500449838522,-0.042762220872009,0
-0.174923615125401,0.223314179391448,3
-0.20843295134779,0.205643212450431,3
-0.207457429672133,-0.017198348287116,0
-0.285075037279825,0.134720553080119,3
-0.187078460597334,0.325617222874515,3
-0.116864059107528,0.168777080729857,3
-0.279389833307015,-0.160452924303846,0
-0.191362142499921,0.227480140515289,3
-0.295185105140874,0.160404656961321,3
-0.382118385981554,-0.062150529620041,0
-0.132539915664183,0.323388326174567,3
-0.046540046432116,0.362600103800958,3
-0.073601317582777,0.165719068249196,0
-0.247108079440267,0.251771465626482,3
-0.204521311276979,0.240115475641003,3
-0.243616888518504,0.154566172270843,3
-0.377321129259098,-0.0553528853768,0
-0.231720293032712,0.215311298364541,3
-0.220782271562195,-0.148433699350166,0
-0.228232653902978,0.271665721807159,3
-0.177956494165897,0.25599457725014,3
-0.273432445709833,0.10197164707422,3
-0.383279259090926,0.02740683068645,3
-0.169903501927086,0.225725646138949,3
-0.246955967600619,0.182475059548856,3
-0.220712715996816,0.318784391409178,3
-0.342398574728717,0.064070197543915,3
-0.200073916424008,0.288836976173718,3
-0.17926007360948,0.247289844383571,3
-0.153487369756369,0.284378336116659,3
-0.413145194424284,0.068904368258748,3
-0.059217657884978,0.288005114026559,3
-0.138838198160472,0.305790007858913,3
-0.238324652408181,0.214070228673832,3
-0.331618856546144,-0.129860093244037,4
-0.170861757035285,0.292642297113894,3
-0.269107895166612,0.121331817612206,3
-0.28472389874165,-0.002539442777579,0
-0.10318362363984,0.558830887804326,0
-0.206387398847143,0.204206135931052,3
-0.251724031708067,0.237843574854337,3
-0.306778366926168,0.139394535415716,3
-0.233604986404496,0.166946052388031,3
-0.19169749865584,0.455003876831293,0
-0.016832121346595,0.276411964806605,0
-0.126528580613462,0.301115406949127,3
-0.356938874161344,0.154237794945403,3
-0.214443620272536,0.128245077104637,3
-0.343064128688155,0.137126257814672,3
-0.297466211228937,0.127413413874975,3
-0.290007467567008,0.161013911583148,3
-0.161272631884849,0.602093429746376,0
-0.34429635526904,-0.071371691847218,0
-0.30042359806316,0.071564284088218,3
-0.218249993870017,0.229913080930293,3
-0.13013372426725,0.258085198483703,3
-0.060531665285209,0.271177220931616,3
-0.076535371731723,0.461229044723302,0
-0.319849197895443,0.142346378510464,3
-0.114149234178883,0.216179702268508,3
-0.108341420083779,0.35170019437371,3
-0.184068982351464,0.185433577788984,3
-0.316903273906398,0.204344760664947,3
-0.358605046121234,0.080287592608019,3
-0.190767443425631,0.557977881386655,0
-0.095240329179183,0.331221736227397,3
-0.32438527986635,0.10376913536118,3
-0.044622546130809,0.405056989032432,0
-0.379700925808622,0.128443842736415,3
-0.333147825844391,0.14174735815966,3
-0.167706800217799,0.286427515809381,3
-0.314793653101032,0.088268718408601,3
-0.144850413154012,0.270809355868683,3
-0.292987386817368,0.217622600156369,3
-0.292401868343267,0.025072943266199,0
-0.404417206353071,-0.166390213800055,0
-0.172402341695772,0.288330158530816,3
-0.101145817384073,0.375955494700623,3
-0.024173626960627,0.443533363136772,0
-0.076356379825835,0.371733272617132,3
-0.263452275437048,0.255810868790483,3
-0.216823486003544,-0.060955720503004,4
-0.081877494300794,0.317944117573848,3
-0.275574382098578,0.225235528406588,3
-0.198690365893793,0.362589103989198,0
-0.273453232576573,0.209013116534695,3
-0.32211144839491,0.03769186316847,3
-0.139628287730173,0.258288124984811,3
-0.235865916925854,0.185400738577883,3
-0.177728705181243,0.230397109986828,3
-0.222048881259026,0.134944119587193,3
-0.397277854677412,0.086908385059016,3
-0.156696135775997,0.157889238954227,3
-0.21924329219465,0.149701037361534,3
-0.323816923421519,-0.085826667502984,0
-0.277276035463931,0.212863780373879,3
-0.269027395777903,0.012446376542128,0
-0.097367155632098,0.354084132790831,3
-0.130164601047335,0.303002473948112,3
-0.211404535905621,0.345867821403481,0
-0.329729834970148,-0.057229818656135,0
-0.265863548119004,0.141844285723488,3
-0.128130086122023,0.368151821600512,3
-0.219808501506001,0.101881257290561,3
-0.250238715964391,0.163314780702118,3
-0.223284828994908,0.377768469545889,0
-0.12627633628112,0.409108404658099,3
-0.232034554034852,0.135171713823958,3
-0.19019868434523,0.232924770703773,3
-0.125426444883277,0.28144289340533,3
-0.132741632695648,0.300299599776973,3
-0.185068748299892,0.231715897096614,3
-0.163773221821314,0.128227089204,3
-0.316364774044591,0.182641049890332,3
-0.261256652055263,0.116967532486233,3
-0.105005471095757,0.361837307858194,3
-0.21692617379137,0.304200384110899,3
-0.165971905874814,0.333633768896118,3
-0.179810526292377,0.150227255756257,3
-0.292130770210707,0.126544796441984,3
-0.298872769934001,0.123959278171956,3
-0.337275532728555,-0.1783472331366,4
-0.201647279232074,0.377436700959782,0
-0.116966939514714,0.491927268327134,0
-0.235634214827553,0.172270364020017,3
-0.044381497130347,0.407541872282201,0
-0.190003660564198,0.117066058877294,3
-0.206846405329899,0.196997759051299,3
-0.120657301378282,0.326172481468717,3
-0.152288190251622,0.269512423273084,3
-0.203478664812494,0.364028176598849,0
-0.251938344565411,0.325712262686827,0
-0.221749936458687,0.10312360986826,3
-0.353217273282788,0.16707459824794,3
-0.292038951826436,0.105687066835159,3
-0.033203856867842,0.516796038737957,0
-0.087248771188614,0.31073992308661,3
-0.286315239026545,-0.110175991886976,4
-0.217680766344291,0.146660002520741,3
-0.138451847228922,0.252631205137811,3
-0.107584143711747,0.32360958254625,3
-0.413141554352733,0.048917902442432,3
-0.367385783893758,0.0401460904656,3
-0.107903806006555,0.343429751552358,3
-0.324065300825918,-0.092025002359714,4
-0.299057118430675,0.215770246832675,3
-0.136397669779454,0.34908898248425,3
-0.146697135998729,0.235942691276318,3
-0.156702570929703,0.255138989738979,3
-0.119771662004708,0.313819003945178,3
-0.207788158644658,0.083616174306323,3
-0.077142379090209,0.461398947593251,0
-0.319962351562565,0.245669024501908,0
-0.042338992007316,0.369629395059983,3
-0.195475272896148,0.149635230885085,3
-0.329612411119953,0.236957072766713,0
-0.354562042010127,0.00735139646617,0
-0.042440629457529,0.331803506596406,3
-0.198740151546408,0.168792290689546,3
-0.167723379414719,0.395599700742682,0
-0.286120494080092,0.131507345943811,3
-0.261664386370151,0.039650754956007,0
-0.226222171310467,0.252365156857412,3
-0.154238125176634,0.299177518553337,3
-0.275982101196331,0.121775607551076,3
-0.125762244651423,0.381063691304704,3
-0.090562611489352,0.308892194372538,3
-0.240723659357373,0.244219099130451,3
-0.191737926655165,0.229928332819975,3
-0.145891330868066,0.301910558554539,3
-0.144386703719863,0.469923164626632,0
-0.125400226081549,0.324581115074771,3
-0.101373213799785,0.489346183524448,0
-0.115624726636526,0.262344766746138,3
-0.201144498644203,0.194015527332312,3
-0.24445348413137,0.215647789897713,3
-0.151869066873819,0.299588074078764,3
-0.430314871203331,-0.217797998051966,0
-0.378646227146999,0.145284265471703,3
-0.280409969291298,0.11543238173641,3
-0.221330857254311,0.21055166565555,3
-0.251617288515912,0.120897024963033,3
-0.096881658987222,0.412992022479547,0
-0.315540566513248,0.109585453398142,3
-0.291618384762001,0.024997049092394,0
-0.391450482361234,0.049624868637598,3
-0.098879740879716,0.271380756668245,3
-0.159625349776257,0.340485593911156,3
-0.100359137975514,0.50848628149484,0
-0.182042163668953,0.220887621186021,3
-0.156418413823986,0.459329249970426,0
-0.117773449313583,0.356438563754021,3
-0.129482680721397,0.281910665847946,3
-0.185727708640913,0.429793707712628,0
-0.252958151329556,0.160493470188705,3
-0.244688162230009,0.245987409079404,3
-0.232510621008087,0.166405549921472,3
-0.326100471121155,0.1960856540963,3
-0.181461800263913,0.257004594239188,3
-0.088647840574206,0.317814273343735,3
-0.077196439819123,0.39485448079044,3
-0.228337952166109,0.165969653087475,3
-0.29982436961871,0.077688465273824,3
-0.318214933634155,0.070970483033629,3
-0.272158752685979,0.262684415036594,3
-0.051901904866391,0.309155859837641,3
-0.086709996203482,0.368346457989518,3
-0.192537051376207,0.240456387381372,3
-0.170186773878833,0.284110678611885,3
-0.049471397944808,0.30495435995621,3
-0.170004676612776,0.288597228914169,3
-0.172473447117955,0.265088667846014,3
-0.233536585335925,0.237056354240296,3
-0.261518450475777,0.154895414413449,3
-0.173302693812399,0.223980827153981,3
-0.286641353468329,0.130852052032505,3
-0.13411705145534,0.266728430074972,3
-0.109285040745902,0.348006013191426,3
-0.160829653353596,0.351748785998862,3
-0.357272041711597,0.185599998685228,3
-0.262055521225111,0.106087725304519,3
-0.323026422788091,0.180825143210978,3
-0.192273161567286,0.107902501505234,3
-0.117025764216304,0.527989490227015,0
-0.325127596330182,0.185159517075286,3
-0.121197303249171,0.278270824536614,3
-0.076098291958094,0.596089796802188,0
-0.272906572931639,0.185092582079364,3
-0.31253852535427,0.196517997125502,3
-0.064435091333199,0.336733842834477,3
-0.258518270626696,0.150056246949101,3
-0.309402064940215,-0.063960690416482,0
-0.066340509234556,0.571158029708017,0
-0.226709252651763,0.196000543815015,3
-0.273743550048826,0.133574384462385,3
-0.176409015730942,0.443995304979059,0
-0.202752724089304,0.171804989789681,3
-0.334085293350756,0.03549090356268,3
-0.149470050642817,0.623055030066822,0
-0.237647384567316,0.202402195343822,3
-0.320960181532968,0.245160421404433,0
-0.302515340299685,0.0422398659658,3
-0.106594040912864,0.243628897488522,3
-0.214983255667915,0.231338589556392,3
-0.385222457293678,0.11342497955566,3
-0.153483981601764,0.295931767061719,3
-0.124656144802946,0.439561817587171,0
-0.339568254394786,0.10444051635579,3
-0.148688155025008,0.555706896184767,0
-0.283769828207309,0.097429209609493,3
-0.223429642860064,0.165800493870576,3
-0.292126237847043,0.003787315846272,0
-0.156085636080259,0.397250740433618,0
-0.177802819653721,0.180855829471495,3
-0.248481281580678,0.067248463839133,3
-0.396027216483433,0.123334665290072,3
-0.157847287273867,0.455834355015237,0
-0.233759854235262,0.190985024105728,3
-0.123033253621836,0.324670507785806,3
-0.129953253164367,0.346747563968406,3
-0.264705312331472,0.130365908663261,3
-0.210364929770996,0.15809100804882,3
-0.139771223477413,0.310258477861233,3
-0.163126354134287,0.333714940608087,3
-0.126015470230423,0.445464230648996,0
0.003910599119842,0.3650990624645,0
-0.257825095845987,0.163404702117963,3
-0.055888817009375,0.53772555925539,0
-0.274540209254797,-0.114319563350391,4
-0.131170147154666,0.32684200078172,3
-0.27199805205779,0.168272133622724,3
-0.385144054789606,-0.222076457230242,0
-0.306974832472683,0.169653846601806,3
-0.146728615882204,0.413250955962455,0
-0.245004599735474,0.248515002716675,3
-0.057277515830724,0.497458874281914,0
-0.178957037141571,0.344257310957884,3
-0.172888010227645,0.17648151453926,3
-0.117908399751776,0.413930918502428,3
-0.072915998995774,0.513855471270108,0
-0.244664649573737,0.106700992745623,3
-0.240764141185298,0.195549836675532,3
-0.275443255660163,0.057027196334164,3
-0.303867859391868,-0.053304636286648,0
-0.257997670787004,0.254133850097015,3
-0.30957845690007,-0.01456754336407,0
-0.100883691201572,0.420504296771127,0
-0.148555286814968,0.281218193008664,3
-0.221449026926671,0.254981332237648,3
-0.132956053361077,0.368860350182237,3
-0.330247576105669,0.006115876320656,0
-0.321749759537927,0.095394410505624,3
-0.107283858152291,0.484369844949152,0
-0.312783946646554,0.018329942842838,0
-0.331750562881474,0.175197496861945,3
-0.118035767342696,0.412375355391447,3
-0.069021578828613,0.335146592491316,3
-0.367301843434374,0.179448324487029,3
-0.263580932744219,0.347848925586517,0
-0.174214593351477,0.222589568043177,3
-0.03914942417098,0.276225128898747,0
-0.164769387324815,0.24700702169489,3
-0.161405909999732,0.115995171629144,3
-0.131076256321228,0.381807191988271,3
-0.078777843876596,0.394513370676728,3
-0.143507352745397,0.371719174547341,3
-0.150364321388679,0.20757663605378,3
-0.196510010732759,0.241949643798649,3
-0.493353153097599,0.007717540416267,0
-0.171818157099641,0.41694117454263,0
-0.215160476326059,0.195137554823753,3
-0.238546814635898,0.12202414722122,3
-0.159882154637266,0.38226870609734,0
-0.091359361831104,0.353954968548357,3
-0.223929586198108,0.254015275364817,3
-0.144676672298793,0.245141150559034,3
-0.271099667933537,0.015721780063243,0
-0.42931395011407,0.073990520709222,0
-0.068803092946566,0.363679512514717,3
-0.094824578161827,0.382652435443811,3
-0.216133437691723,0.39869993960335,0
-0.178924266449527,0.051796245918184,0
-0.304658550297351,0.169680880083198,3
-0.30206343526087,0.188162451278192,3
-0.2664713526744,0.291134150340849,0
-0.292823597204308,0.118119471175765,3
-0.055188138892864,0.422651049927473,0
-0.328133186914788,0.007285939711382,0
-0.269065813020805,0.111915362416333,3
-0.191818916532971,0.404833945391445,0
-0.169105960485639,0.361872446068545,3
-0.390478889368193,-0.048699598130171,0
-0.205290643886333,0.207072946953248,3
-0.330788866461704,0.090768550364901,3
-0.267189243882118,0.242569892281524,3
-0.202307824071229,0.222834355829673,3
-0.413364618810439,-0.079527474545419,0
-0.164568551207457,0.26012439678976,3
-0.267262653360045,0.064268686701138,3
-0.280483736114177,0.170262785452973,3
-0.343495590982486,0.101565490009984,3
-0.273996624492552,0.170950441244501,3
-0.143691421322726,0.448782912454932,0
-0.218022851961701,0.196041748140709,3
-0.175419199872117,0.275740242467194,3
-0.298627970199976,0.15966029002228,3
-0.406397387498559,-0.041236023004799,0
-0.332054201808346,0.258479609461525,0
-0.088150912384608,0.355594752183026,3
-0.1458631088142,0.431014609660954,0
-0.171171261413155,0.340095542746583,3
-0.029963486010917,0.665526054259716,0
-0.304607820230431,0.101084948286417,3
-0.248675672885923,0.261312103617934,3
-0.271466382896505,0.218130630637141,3
-0.297611090793609,0.06689427514199,3
-0.401968549900754,0.0363939762334,3
-0.168146594770961,0.349653799675645,3
-0.269965206073395,0.218985427581552,3
-0.346094742854106,0.149515375630146,3
-0.209338498084299,0.235880796778731,3
-0.104194921698106,0.564343250944586,0
-0.260651916144972,0.217312558828976,3
-0.14808451894463,0.197596396954366,3
-0.359824262535108,0.116267949124182,3
-0.271648122602574,0.248584055764604,3
-0.233723326710705,0.257791644383293,3
-0.185422733614099,0.261154744711978,3
-0.227523101822767,0.194573856393521,3
-0.359916136483982,0.017717550270887,3
-0.224786639276399,0.258319386705744,3
-0.051443945343327,0.388294271875471,3
-0.173700892122368,0.266365100708754,3
-0.154636173954259,0.130495339550932,3
-0.207230423227407,0.050979836432588,0
-0.131567314392434,0.340418267384802,3
-0.337989921240989,0.159300225656758,3
-0.207632855251839,0.230794175532203,3
-0.368010804469733,0.041171200662895,3
-0.354055013032075,0.031209444449012,3
-0.23250391753619,0.160257495217065,3
-0.23320666707587,0.075894613454914,3
-0.127679107599369,0.346200847606042,3
-0.092273273754868,0.326251071927476,3
-0.250938719900161,0.151923387652358,3
-0.162594197951398,0.525191154342369,0
-0.177104277058571,0.249938596402752,3
-0.130470971987225,0.435595140447888,0
-0.344589944017402,0.047212884080879,3
-0.328309421048373,-0.011381493976488,0
-0.138467626913479,0.386284060399916,3
0.010051469581369,0.321514334470715,0
-0.099846871001225,0.241920772979408,3
-0.057642463772146,0.353354880232431,3
-0.278371033181695,0.286479259659266,0
-0.158347903982538,-0.025330077893957,4
-0.087273581017172,-0.029034999278572,4
-0.22693849164879,-0.060955787938505,4
-0.256804452470524,-0.07077814626185,4
-0.02484596392251,0.025626015755442,4
-0.067276924475115,0.003717468588951,4
-0.302903050932861,-0.108067213501331,4
-0.328588050036604,-0.142881664394964,4
-0.130474589746364,-0.044945705298762,4
-0.321040754094775,-0.141242266745568,4
-0.068621086155214,0.005581393740322,4
-0.347060198319478,-0.178289933044589,4
-0.228964876790843,-0.057847581361448,4
-0.241148224796847,-0.049701158802669,4
-0.257892610776671,-0.082300122694351,4
-0.070855158712828,0.020536227671984,4
-0.024868732559388,0.041343680890546,4
-0.309814715619791,-0.117513567747699,4
-0.317154543449646,-0.121176504967379,4
-0.100738910726217,-0.025339575606665,4
0.01480963201833,0.119051357695143,4
-0.331599559501483,-0.21722732740768,4
-0.119200201115598,-0.023044829916,4
-0.077888387742041,0.000927947126293,4
-0.32040758623165,-0.132107576279889,4
-0.011331786130726,0.087823380046977,4
-0.32392728866691,-0.15218566983656,4
-0.183669309948219,-0.071683313038649,4
-0.012911499681571,0.054577292037755,4
-0.006623047340292,0.067374471706032,4
-0.212193717934359,-0.044724248488004,4
-0.044493402322523,0.015144809012941,4
0.00848375617955,0.129941748040995,4
-0.01664596546042,0.056809906985106,4
-0.287525123850756,-0.116964435320072,4
-0.01647647573993,0.064867030579626,4
-0.298832106870751,-0.086400298130687,4
-0.194556301975984,-0.060103313242469,4
-0.284634795795442,-0.08196688208277,4
-0.297623058694766,-0.117935553334452,4
-0.010591719267931,0.063554217983356,4
-0.07789071475243,0.006644395092904,4
-0.27229649601795,-0.057707223442384,4
-0.214707190149718,-0.027259327875044,4
-0.013459319336349,0.132896005262916,4
-0.164494424247382,-0.036981879997739,4
-0.313394985311969,-0.109621133597614,4
-0.060025300980854,0.046402288807923,4
-0.155788066535573,-0.052997959840186,4
-0.191137310908769,-0.012484268821201,4
-0.033969008497126,0.040349090134994,4
-0.32348526147395,-0.273012676042771,0
-0.012147736080203,0.080192855050762,4
-0.117222126159881,-0.03914331578267,4
-0.276100187740802,-0.075251793245225,4
-0.313710984750737,-0.120413432920766,4
-0.022581091283815,0.046158662295443,4
-0.357400750953431,-0.254534661463606,4
-0.315746899813447,-0.143932704566383,4
-0.15080587135669,-0.023522108768694,4
-0.003060846079399,0.071918587815853,4
-0.176870947904503,-0.016966907887193,4
0.002277579772171,0.089250332906037,4
-0.022472694271401,0.046577467494027,4
-0.346030223387548,-0.187482396214761,4
0.011567967444538,0.148296656428548,4
-0.353096105690249,-0.258361651936863,4
-0.046653235137695,0.046145732578275,4
-0.030600568239722,0.027751679101757,4
-0.28343525819486,-0.065551014451034,4
-0.034360046181998,0.010323540400309,4
0.019809230450878,0.118010866295123,4
-0.039691987374784,0.015183151323186,4
-0.037235019283964,0.029127242719647,4
-0.039417396937866,0.035801795125445,4
-0.217701008103264,-0.044624336764624,4
-0.120429559775333,-0.039489345647135,4
-0.294897090286494,-0.084167760263133,4
-0.018275999581792,0.056470145079386,4
-0.16511142387389,-0.030425599417806,4
-0.012403394384516,0.099577326335471,4
-0.242091235445827,-0.071221272320289,4
-0.296523681701999,-0.074220937209229,4
-0.046839386719603,0.000744118160923,4
-0.05396142403134,0.008373976639213,4
-0.328962355615329,-0.198695830000623,4
-0.132305786852648,-0.036547414725423,4
-0.310464270781409,-0.10587084729517,4
-0.33277719271109,-0.172616263918225,4
-0.189376458373489,-0.045099726590739,4
-0.240228847470431,-0.063190050913722,4
-0.065127840254438,0.043626656045244,4
-0.258546899957609,-0.071769383612677,4
-0.184448861641814,-0.061571496341948,4
-0.052362348958339,0.019651743153749,4
-0.07725931427927,0.000922449535534,4
-0.019028766267675,0.046067560443277,4
-0.00388725861422,0.078862988338422,4
-0.329206586454414,-0.140953851285887,4
-0.112239859573285,-0.045176521234996,4
-0.010982536924878,0.054781036637399,4
-0.161732515943009,-0.03906584805383,4
-0.015516795248127,0.048027383036429,4
-0.305610184430181,-0.118542140955575,4
-0.311522671725633,-0.104194735575196,4
-0.112698765663067,-0.033330648723627,4
-0.142836605885017,-0.033940853225398,4
-0.155669969421196,-0.047089565709323,4
-0.256641479219839,-0.042917964893639,4
-0.294085364747885,-0.068346954367584,4
-0.022861335526986,0.032985092454837,4
-0.2938706162851,-0.081589806624962,4
-0.299194585016298,-0.087039743341564,4
-0.041306916737072,0.005342652690563,4
-0.32389068715431,-0.168029609849373,4
0.004535847061443,0.085133162114229,4
-0.069266540852404,0.004870824904698,4
-0.308215015784008,-0.104053567715243,4
-0.28324334113917,-0.070575863466055,4
-0.315852286664617,-0.121506615937694,4
-0.34239886260318,-0.207418106119295,4
0.013641384539291,0.165616801519016,0
-0.054617181719351,-0.008427176359012,4
0.009292766177446,0.09722330119199,4
-0.328976192577373,-0.215862120401965,4
-0.3070808256286,-0.123478286582027,4
-0.190418085080359,-0.06217224639067,4
-0.013526960166443,0.048133987024026,4
-0.0862882885931,0.001912505558191,4
-0.313250431684286,-0.110551481092432,4
-0.197550752567575,-0.039724900017625,4
-0.073826885071733,-0.005868587702542,4
-0.054344715179096,0.006799838738481,4
0.015829995822447,0.119389594875389,4
-0.008885366693256,0.057664944116636,4
-0.192948401166753,-0.012746183446005,0
-0.278392612353098,-0.087025289044646,4
-0.090077278648977,-0.019255656634411,4
-0.034490010916843,0.046524927420552,4
-0.137608708887754,-0.002811491285425,4
-0.064699055596301,0.008823752002566,4
-0.138408642089791,0.004671963974693,4
-0.176238306167581,-0.023102134503639,4
-0.128896726660153,-0.019576203100572,4
-0.084305788698158,-0.003999549962428,4
-0.103783373563682,-0.001134919870341,4
-0.323531900410875,-0.164042172960658,4
-0.008467939630604,0.072568269481392,4
-0.000881690922356,0.089282907970586,4
-0.246264822518707,-0.056965130158703,4
-0.092066590047402,-0.01720789713898,4
-0.184094505090961,-0.029375187650052,4
-0.074362665268441,-0.010252200228281,4
-0.201369732047921,-0.021983183350667,4
-0.041437370813708,0.023122740959722,4
-0.092083057172208,0.004304213337014,4
-0.265999681146328,-0.057380783441629,4
-0.025301522511906,0.03671120836177,4
-0.016440485756179,0.0473862927611,4
-0.166928104044736,-0.014440929231136,4
-0.233212147758881,-0.06019824257322,4
0.009784103789387,0.148834026166469,4
-0.159191367901377,-0.060242361619556,4
-0.329639169238258,-0.141365540929712,4
-0.075127121528056,0.000630900745802,4
-0.19227087768468,-0.049640406586749,4
-0.195694385974844,-0.074123773538422,4
-0.299714921547957,-0.105441941820414,4
-0.153764637083072,-0.023924655929789,4
-0.283832019137005,-0.067833798286637,4
-0.196100774066918,-0.067347237596247,4
-0.052689337657777,0.033314576505177,4
-0.051265827400744,-0.00952090899149,4
-0.211577699671822,-0.017325238818726,0
0.008883727894516,0.096726219395109,4
-0.26809893413022,-0.055054243362856,4
-0.18331319082189,-0.029262771322348,4
-0.033070103009171,0.029149285885419,4
-0.030805948332911,0.064560490707872,4
-0.032924466455342,0.026976319924069,4
-0.010348089618454,0.055348351810886,4
-0.190553161198511,-0.037951708511657,4
-0.10090110519048,0.008097901558266,4
-0.151258267451168,-0.026880710587132,4
-0.194533730168461,0.008264570872303,0
-0.328497908619207,-0.146747499953973,4
-0.176553533353014,-0.034880064225024,4
-0.241059716445089,-0.065845833825079,4
0.006987786197865,0.104187914780615,4
-0.206497913726325,-0.064652914136272,4
-0.054062726309612,0.004719473132892,4
-0.278295289168304,-0.090473928498314,4
0.003509718040754,0.135245045216994,4
-0.245773708034699,-0.033565205400161,4
-0.001895835474676,0.092566662411786,4
-0.005462404444319,0.096482978230377,4
-0.306452888935538,-0.10397666083757,4
-0.296609914746198,-0.096622588134039,4
-0.233421198078958,-0.07697041172599,4
-0.013740889528624,0.063298753292384,4
-0.344565795960915,-0.244931841971124,4
-0.302897247046884,-0.123433611600149,4
-0.256901665023418,0.005097985430073,0
-0.253405168788414,0.020970334883253,0
-0.276873177010936,-0.0464382295951,4
-0.318669817012903,-0.183720076995545,4
-0.257066789177875,-0.004309808933215,0
-0.314597038127071,-0.158512499165993,4
-0.312921768063063,-0.144000533268955,4
-0.124387417910485,-0.039820187451882,4
-0.147490348174981,-0.054708371841206,4
-0.156868397185306,-0.004301891743827,4
-0.158786932248602,-0.035199759620507,4
-0.098433722359647,-0.03159148653182,4
-0.092191639281864,-0.056225583955615,4
-0.177684174607444,-0.04794191236902,4
-0.209582170845269,-0.031894890183163,4
-0.186458479316984,-0.027921029704801,4
-0.241953541791193,-0.062700989621177,4
-0.165308297140278,-0.054016132699708,4
-0.232453149078843,-0.041076321241183,4
-0.155482588593022,-0.023572952037921,4
-0.132442866470246,-0.049137375179171,4
-0.204761583816722,-0.036722458730561,4
-0.08882077526127,-0.012916718231038,4
-0.249856440154688,-0.044558131593258,4
-0.158061931730899,-0.043211585329285,4
-0.207395187558753,-0.059058895673727,4
-0.187637707977615,-0.063455402387192,4
-0.140932622451962,-0.04555050111904,4
-0.179153633350519,-0.0430597532087,4
-0.192715701559993,-0.036874736797139,4
-0.261435206486054,-0.017281800920949,0
-0.131133298753733,-0.034024657960703,4
-0.18268716116314,-0.001631982258437,0
-0.185743336997143,-0.039018506226071,4
-0.155356621999842,-0.052489491338221,4
-0.221925585506143,-0.055630073733969,4
-0.139189293432161,-0.038715910896256,4
-0.293314850929712,-0.040653463908961,0
-0.164662590959418,-0.042350288533109,4
-0.187661345835178,-0.056705790290824,4
-0.119049989053578,-0.044903742488527,4
-0.273835924282625,-0.035033102362113,0
-0.219005205331004,-0.055044217298319,4
-0.280721830034124,-0.044682306520334,4
-0.129434210910187,-0.042486125432673,4
-0.216768942053294,-0.032947289447848,4
-0.027756120520802,-0.019746736977598,0
-0.338430904242779,-0.020463483016006,0
-0.252221474411313,-0.056020166094692,4
-0.219913042201294,-0.064751269107519,4
-0.199555528115793,-0.028100480431108,4
-0.074184719102384,-0.008321126443823,4
-0.146085083633293,-0.027471522572543,4
-0.201310391727686,-0.0486287976357,4
-0.097323303920984,-0.041112894437956,4
-0.146047864319785,-0.021416396603165,4
-0.089057183688137,-0.009294238836687,4
-0.178766820702807,-0.037068364626596,4
-0.222078150702319,-0.055404821337183,4
-0.131217071866913,-0.028586121631827,4
-0.242162739260366,-0.010644266584387,0
-0.105303151589566,-0.036771002761587,4
-0.201452457321823,-0.051601039785631,4
-0.058072751360716,-0.05907254887434,0
-0.22210076088372,-0.045161139223358,4
-0.152278673920106,-0.046159706316036,4
-0.153876033161475,-0.038134801631224,4
-0.190598969129219,-0.021237919684487,4
-0.107610420678184,-0.022607510377807,4
-0.130731738811125,-0.048118533804131,4
-0.117982124046097,-0.041076699416829,4
-0.168481579599931,-0.049939841253721,4
-0.161314856548522,-0.004004385235003,4
-0.093694906977247,-0.026011951777527,4
-0.249536649258596,-0.057266115892716,4
-0.089295631230829,-0.034322120633122,4
-0.131755914181629,-0.029361791700113,4
-0.207646688116464,-0.036547858218274,4
-0.166187230603059,-0.051144813715871,4
-0.138710201776805,-0.03769755087897,4
-0.14376382420055,-0.025099187517584,4
-0.06787307285768,-0.040739370678321,4
-0.26998050232295,-0.026217956870075,0
-0.194301399571147,-0.038253411180147,4
-0.175283362108619,-0.056780379158355,4
-0.265571555696316,-0.015162683933506,0
-0.163334277940059,-0.044121137360673,4
-0.18500673251971,-0.027277285612958,4
-0.086017728101728,-0.049688211417096,4
-0.166260066508311,-0.028927994246483,4
-0.16170982902497,-0.049441152626228,4
-0.233437413393114,-0.032165894708937,4
-0.14829940803886,-0.041241637416784,4
-0.237684545941306,-0.028594147240504,4
-0.097828076299429,-0.035992349976382,4
-0.242794477894866,-0.046102590619527,4
-0.099104498477634,-0.040089214572094,4
-0.24276851094415,-0.019834148168003,0
-0.200042120157309,-0.031881783481399,4
-0.183096458221555,-0.019743363187282,4
-0.229324256762542,-0.068012061709466,4
-0.202541069175341,-0.068436173239634,4
-0.152597699274183,-0.033907411712661,4
-0.136144282058677,-0.005235346361438,4
-0.112148245450085,-0.024239382891934,4
-0.171906516432763,-0.032645969231191,4
-0.203898809271725,-0.054150428517357,4
0.207670816889096,-0.352434333478795,0
-0.187962035239833,0.249421466139056,3
-0.081114276348968,-0.188025797571536,1
0.457530969031913,0.318701418370153,5
0.530357473761186,-0.236042613367104,0
0.513999562915942,0.182983588476927,0
-0.473587696346775,-0.370282077202677,0
0.159562159112079,-0.248667244793703,1
-0.454787741319995,0.415730143864116,0
-0.173973010248409,0.568650830473924,0
-0.387015453880366,-0.069487685994954,0
0.424914786659213,0.031039469021693,0
-0.282348242473268,0.357804990332934,0
-0.328419965940083,-0.269387253762581,0
0.417413692101507,-0.326801810467226,0
-0.132288206240182,-0.264630326805876,0
-0.140633814767994,0.140575085486491,3
0.438037314023495,-0.200259762702957,0
0.152481860968326,-0.02285985725112,2
0.174898573236929,-0.158232517085365,0
-0.212759038551785,0.378850187400691,0
-0.032445191799309,0.214966814412321,0
0.00218619423581,-0.398925609645251,0
-0.188254437011112,0.096678826984607,3
0.169979863993875,-0.247304321227692,1
0.046842736340327,0.59602608602865,0
-0.07455839883352,-0.193345397639751,1
-0.396918068611972,0.489011477316526,0
0.239250946563994,0.08560468014116,6
0.3656252888805,0.341331368850148,0
-0.191439731489685,0.431060980347431,0
-0.081937723595706,-0.40352970770999,0
-0.147040902118191,0.324853557778057,3
0.5756585534331,0.29156598277035,0
-0.27285525919724,0.007105534337849,0
0.351621787805829,-0.004183900408482,0
-0.177131361206949,-0.223268076896063,1
0.012816174935529,0.096148723595961,4
0.182979589440079,-0.377749220254733,0
-0.453916511064258,0.394667277478332,0
0.355667666280521,0.546047936974248,0
0.057526070274803,-0.381875600763539,0
-0.391221645490566,0.524908983009866,0
0.063477211970601,0.426449495623465,0
0.414644106070821,0.046026929813182,0
0.37838587673298,-0.159961176155604,0
0.277679187906636,-0.044197395780482,0
0.513097381388662,-0.200169497236224,0
-0.342641296798847,0.502365148141089,0
0.463376110523004,0.217500571275188,0
-0.416013744687159,0.083308832163597,3
-0.12645057946248,0.306974688513592,3
0.148170884726411,0.353703887281238,0
0.22629630479666,-0.356421345854995,0
0.303674599076793,0.178826915697644,5
0.304662329156656,0.522338132687993,0
-0.151883969293992,0.200213868394755,3
0.535638152161126,-0.140951092979846,0
0.406594110859777,0.527181547464117,0
0.322056780375487,0.436200182036331,0
0.486788151695305,-0.091348133076493,0
0.432010026292592,0.212427629380054,5
0.051802842638545,-0.000666349007899,2
-0.472280732478293,-0.210738865252984,0
-0.098604086212462,0.414903642763325,0
-0.123949656343229,0.061815766658647,0
0.203696179535142,-0.156724931525717,0
0.121523038069308,-0.274903773704127,1
0.372597392239651,0.308616823537926,0
0.076501331293357,0.056974232560475,0
-0.129923402368248,-0.153782352589137,0
0.527611385883368,0.192250021747394,0
-0.080763961100607,-0.138631203055258,0
0.289368068053643,0.050951462969318,5
0.050626477225684,0.325463877704752,0
-0.139602307603473,-0.331771908160105,0
0.005298359942858,-0.498707636315992,0
0.273453932495121,0.428440850633211,0
-0.037403208998197,0.363672504424958,3
0.55801328116293,-0.062667520964899,0
-0.103462636019665,0.382583378328946,3
0.251419011933132,-0.342000334354921,0
-0.165220888698618,-0.286453428407994,0
-0.388747909731195,-0.468339413916271,0
0.203867151705694,-0.224384430951547,1
-0.127592931414353,-0.227996004591661,1
0.573817502819433,0.400939103185446,0
0.249383849387012,-0.307295033189256,0
0.144654145231846,-0.137553287951499,2
0.327124948688564,0.501902582393011,0
0.49764793621204,0.218586079653536,0
0.048241333983605,0.045947392076314,0
0.280809196592413,0.467901680277619,0
0.186312604542865,-0.114510342951108,0
0.29513514654121,-0.37249357060993,0
-0.302853882608896,0.520474808730997,0
-0.383734809786435,-0.335763975462505,0
0.576993550648012,0.578797069078348,0
0.534682518204309,-0.262284016606078,0
-0.305852570571197,0.339049954444169,0
0.596787074366164,0.510746031598712,0
0.229314039027996,-0.470296715780206,0
0.496475422966729,-0.137686474304317,0
-0.208684986682591,-0.123603439908203,0
0.278843480037845,-0.121434006004405,0
0.332362430391844,0.079110458871461,5
-0.364902936645669,-0.324275502080949,0
-0.121552573082348,0.43808306423843,0
-0.071345961330886,-0.205844989472522,1
0.010839744192395,-0.0020309563121,2
-0.450372471565056,-0.271124012000044,0
0.221858208125224,0.33255750317894,0
-0.178090201023202,0.138635361272497,3
0.200572695373275,-0.298319825254699,0
-0.45151584342888,0.054955875801453,0
-0.380341158291093,0.593210351338164,0
0.589897511215679,-0.136543205079082,0
0.129422046819895,-0.126771852911579,2
-0.124938040383285,-0.36939964668479,0
0.32129589332642,0.117430943135508,5
-0.103475316118,-0.257640802640121,1
0.048987224272123,-0.48610247843876,0
0.377143170244818,-0.342208887821249,0
-0.436104060677237,-0.225761724670617,0
0.460991326615676,-0.050838585609837,0
0.590405316339294,0.260911224579476,0
0.006001230779151,-0.196962588429791,0
-0.085534813759533,0.000967231779442,4
-0.286781700251929,-0.031277635307366,0
0.441096916489006,0.126209608226039,0
0.541262453458397,-0.134493301211375,0
0.103776349866239,-0.344178925293416,0
-0.122860499860408,0.07259748239477,0
0.372493279702353,-0.210126732864054,0
0.256008589141244,0.220349297037016,6
0.337587845298941,-0.192990306552142,0
-0.421186437975853,0.035329830920852,3
0.28844783249267,0.304781047356469,0
0.017347669644915,0.319728271203675,0
0.563711951688276,-0.43432144902182,0
0.175397968322595,-0.430231452718456,0
-0.127897011530822,-0.494794210648175,0
0.599651167827368,-0.226260661777488,0
0.509292087897608,0.017330195678169,0
0.296997406406392,0.465423346400538,0
0.308144353376463,0.393962133786384,0
0.579428428390654,0.418229474671264,0
-0.092731861576137,-0.161369665341184,0
-0.443322811668621,0.327046259391698,0
-0.050739207984013,0.283887833276112,3
0.530776641763056,0.136349698132027,0
0.104916448267506,-0.125871493871106,2
-0.271643218299655,-0.226855809820875,0
0.035929104625979,0.348447644870223,0
-0.021635711437999,-0.20552044009027,0
0.57633052637472,-0.329345543012054,0
0.361104774088435,0.303899255611341,0
0.066671238344012,-0.020733782993852,2
0.029328611274538,0.198871105997757,0
0.359100108041101,0.392532038718634,0
-0.453711067198798,0.48903473300069,0
0.248011106141517,0.272525197082642,6
0.43397885265444,0.318463800230549,5
-0.038168680342822,0.44915783403184,0
0.354117638941632,-0.177043085105703,0
0.523317684041878,0.008660097481625,0
-0.351197946464261,-0.230984358743647,4
0.407765925423565,-0.129385554802029,0
0.066679318872519,0.229739479260972,0
0.066875316910628,0.567677125247496,0
0.222417902162817,0.309279572674813,0
0.140938768363743,0.438569269854239,0
-0.356787488877191,0.148815116542493,3
-0.013104080730125,-0.301289934814493,1
0.124029301738344,0.057980567969572,0
0.191980670836374,-0.310943573818035,0
0.011341464700913,-0.411835532217833,0
0.367486137003003,-0.399217042936538,0
-0.456685823235064,-0.381422228748545,0
0.560595753205253,0.119760101384511,0
0.283612379969018,0.293501974386089,0
-0.427751789361603,0.51603994349168,0
0.475224977518553,0.220374195602024,0
-0.323277825775606,0.138699218620232,3
-0.112550173221306,0.271953999632744,3
0.055339310243688,0.487046427550092,0
0.219214578133317,0.004635234693784,6
0.508086283590755,-0.135627760380864,0
-0.042712856919089,0.58575056300491,0
-0.251271612045614,0.267130712998368,3
0.426833224280235,-0.282238122700088,0
0.165729906180689,0.442880471112376,0
0.059573281169095,0.399737534460844,0
-0.090894114117224,-0.233072948339889,1
0.270121258130064,0.282288569234434,0
-0.10414899816862,-0.460807813129731,0
-0.204001278314829,-0.46280614585561,0
0.316291134190111,0.512470634910591,0
-0.472942768308059,0.472761840207213,0
-0.253053879685075,0.494678875828609,0
0.310279067421186,-0.153210103804565,0
0.44153819124401,0.265359279146897,5
0.568477638271753,0.555221231665413,0
0.438409608491324,-0.008251093755626,0
0.251180162944584,0.335412611839306,0
-0.409787464441472,0.154928011946868,3
-0.117632204494651,0.402990542782613,3
0.257312290252448,-0.0902010917991,0
0.138160614083196,0.23838849478556,0
-0.352589413404525,-0.40904473277792,0
-0.33572152238657,-0.192449229034661,4
-0.248120503194017,-0.328936991013908,0
-0.493591533949295,0.441367673337131,0
-0.141683326254422,-0.421805636969725,0
0.035756745696357,-0.375958851431789,0
-0.437897775333402,0.453228728580126,0
0.462183544521933,-0.3936403171876,0
0.284609250796739,0.345427418645108,0
-0.237930740150774,0.462356063797615,0
-0.414709707526557,0.206493882836567,0
-0.008694993522668,0.216926452008256,0
0.090454632945158,0.497070985687092,0
0.563800626433122,-0.19498671599612,0
0.110824035847001,0.05447955739823,0
0.071375743420011,-0.319433322738066,1
-0.341557975758319,-0.262463049393539,4
0.152406664512818,-0.385197977779726,0
0.078001668678619,-0.482031322683712,0
0.527364086194034,-0.285203816577204,0
0.054513902808872,-0.40559887794619,0
-0.244239122938349,0.361322484329424,0
0.190896579676598,0.501543816654121,0
-0.26530396289765,0.312565284463528,0
-0.009125154285337,0.247418296149695,0
-0.360352658890159,-0.218491058939545,4
0.389697372335248,0.18387730454009,5
0.570071344162771,-0.243762232918754,0
-0.141660175908159,0.57737987166448,0
0.063247929213048,0.478877289058323,0
-0.281672803027938,0.215917346812886,3
-0.370837395068787,-0.095928647450069,0
0.253741285078192,0.421148780890104,0
-0.426748612427414,-0.295517509055124,0
-0.415687617015065,-0.23329981952126,0
0.532128183418533,0.555074640790462,0
-0.191384682961551,0.488317422535453,0
0.076492596730579,-0.030516105574516,2
-0.080932408458376,-0.075451323702748,0
-0.485774733617047,-0.086512426991154,0
-0.078697963025374,-0.267679518319627,1
-0.178839326552016,-0.202083387707136,1
-0.044579768980061,-0.043615556851193,0
0.118931866896908,0.542626741788955,0
0.543972707618716,0.523557573304103,0
-0.081177772891974,0.196201256744461,0
-0.082223080397067,0.128425842096896,0
0.553772323762727,0.549090688858819,0
0.21158447932212,0.071410515572807,6
-0.058875491728066,0.371941282274161,3
-0.446658373493182,0.327556241859205,0
0.135204834807367,-0.491234207191348,0
0.259360469337684,-0.21528240322245,0
0.213545316460948,0.530941568938757,0
0.513502224079126,-0.066408252394383,0
-0.403195293844892,0.429470411957822,0
-0.070716895436409,0.271269548282137,3
0.264432240400754,0.345159157090194,0
-0.113109203080777,0.230701360147289,3
0.587707633748394,0.390806985385517,0
-0.146413018978392,0.597773173499038,0
-0.300085000429283,-0.421830421044182,0
-0.415427407126302,0.375367563519796,0
0.509376187565109,0.433950904302178,0
0.208018040372504,0.324842496100388,0
-0.029748133152057,0.113761785043226,4
-0.162941374084514,-0.160600709941576,0
-0.409992857420187,-0.418056649088206,0
-0.204814703236979,0.022904407698862,0
-0.286001545797155,0.516814378253719,0
-0.184053501796717,0.240741518975175,3
-0.073562207562957,0.371694472229424,3
0.010961221768063,-0.313819417951876,1
0.368995869275663,0.484665536430732,0
0.453412284608484,-0.438252243343224,0
0.378189269496353,-0.423956504355038,0
-0.230197881828271,0.135333454447244,3
0.595530657554189,0.107491532318661,0
0.433520014551497,-0.363256703930437,0
0.284311289694648,0.272196049069483,0
0.581871999186315,0.234939032186609,0
-0.308362061156487,0.367949724527001,0
0.322966192625492,-0.137936083553021,0
0.241717007320906,0.589843686684498,0
0.30111185658731,0.253864648866994,0
0.461512545498953,0.121683680373144,0
-0.131943444932616,0.470580366673756,0
0.447228355282901,0.084998475439064,0
0.296711052516167,0.230981954293593,0
0.30733506198904,-0.479619491158126,0
-0.380906275963864,-0.095113339912186,0
0.472641273794317,-0.171625495321627,0
0.393357047384633,0.238376101373884,5
0.109756381957927,-0.485647085914238,0
0.579746867411519,0.298698802986636,0
0.261503831036512,0.443073871468299,0
0.105890448922645,0.24138819546131,0
-0.009110835092429,-0.174500770794452,2
0.367870036661853,-0.028443202990131,0
0.107513199106046,-0.060128517113818,2
-0.483004421542149,0.179279006381142,0
-0.427250761969837,0.307536523088752,0
-0.173746659229203,0.188554424511711,3
0.596958185930152,-0.180429896125576,0
0.108912742056995,-0.092756776312763,2
0.140687908464892,-0.243489826221538,1
0.429027951958889,0.07652043681433,0
0.575732437992923,-0.280761084469049,0
-0.493632170115526,-0.042617910661713,0
0.338638278725951,-0.159224825072724,0
0.270996434046368,0.564716274759003,0
0.113666844643454,0.087812904283104,0
0.243518684723914,0.554572215660461,0
-0.476975642235547,0.280520502919355,0
0.427543760455915,-0.298701852490244,0
-0.246987483123796,-0.114249986299975,0
0.314987096298596,-0.139319715316224,0
0.336700987004255,-0.321247721712379,0
0.42402795811847,-0.292148695938059,0
-0.388877902152951,-0.245636483640433,0
-0.40739994320152,0.02853194110274,3
0.053802776399501,0.233906841261198,0
-0.100553599111684,0.093277645379396,0
0.401310645588421,-0.176664421767717,0
-0.330321445853004,0.231907894831207,0
0.59624538657037,-0.035299026520066,0
0.448160899318026,0.408114007330228,0
0.314686679333074,0.465969062317385,0
-0.101828491786797,-0.496166576581877,0
0.353934565095127,0.28452462843142,0
-0.007678177784771,0.548028450165041,0
-0.345300102331692,0.399331316736499,0
0.530017145875171,0.309910226541469,0
-0.493200346153455,0.152927381688668,0
0.363808715141189,-0.391953486027254,0
0.487556764716276,0.280183145815462,0
0.433129752661958,-0.3068895806487,0
0.401071060294639,0.032299581700257,0
0.458978367332719,0.163523048802804,0
0.514577437170335,0.519918797789173,0
0.104511632799904,0.304121704930565,0
0.555887052509199,0.486287548473233,0
0.160060411520563,-0.284758225585942,0
0.130387428708975,-0.32129299033482,0
-0.328374792926059,0.558396304825456,0
0.59174889731829,0.195836373956567,0
-0.374896823041278,-0.036532083001398,0
-0.076363969920482,0.109328922102337,0
0.416350902881743,0.495451465405672,0
-0.324740271226916,-0.131967803847217,4
-0.315884447434956,0.061644111591494,3
0.584736424771461,0.067672524997128,0
-0.210023784667887,0.011897824295114,0
0.405887650694926,0.175461698393305,5
-0.134115768816566,0.331671131767994,3
-0.39520707139961,0.462040957812034,0
0.288953976770351,0.322512235941946,0
-0.119887362490162,0.301266382627611,3
-0.330340522636167,-0.328260525085559,0
-0.118387121101849,-0.469344606453374,0
-0.026351495144563,0.167695132517715,0
-0.357179545125631,-0.042069359401569,0
-0.333681060073658,-0.15974314145869,4
-0.306381880604492,-0.255359851499055,0
-0.28080108769094,-0.443970659108671,0
0.107619372709405,-0.158835695469527,2
-0.1800239333338,0.403505104259143,0
-0.413077303726079,0.471823932448719,0
0.54976818182609,0.442785732126169,0
0.052330471635992,0.085941797498937,0
0.030622644754859,0.354206155734948,0
0.382897937989662,0.186127901227749,5
0.357527040754222,-0.030908814875549,0
0.300175461505322,-0.441751118367742,0
0.277175255464482,0.454320204004257,0
0.068792798771886,0.185394570961542,0
0.487364823402304,0.191546571419893,0
0.260571151439303,-0.387959031834819,0
0.12553865400309,0.348457818926499,0
0.294287232945984,0.097296279255471,5
0.183723733076694,0.418115398706618,0
0.31320389108794,0.372099206417992,0
0.203916492937302,0.104162228034264,6
0.024842779401313,-0.38408397191451,0
0.495487697751469,0.399464203631964,5
-0.153716521801203,-0.462986575457795,0
-0.063610371853086,0.013804327492357,4
0.284741553922121,0.301998153766984,0
0.502431429271923,-0.30029579526766,0
0.538222557192119,0.194121993422089,0
-0.08688887089225,-0.209272103776748,1
